slug,name,category,entity_class,resource_type,description_short,website_url,github_url,docs_url,chains_supported,standards,status,open_source_status,trust_score,trust_tier,trust_score_delta_7d,liveness,github_stars,verified_install,date_added,detail_url
hyperliquid,Hyperliquid,Trading Tool,resource,Venue,Onchain perpetual futures and spot DEX running on its own L1 with an HyperEVM smart-contract layer.,https://app.hyperliquid.xyz/,https://github.com/hyperliquid-dex,https://hyperliquid.gitbook.io/hyperliquid-docs/for-developers/api,Multichain;Hyperliquid,mcp,Active,Partial,76,High,-5,Active,,false,2026-06-08,https://satohub.ai/resources/hyperliquid
coinbase-agentkit,Coinbase AgentKit,Developer Tool,resource,Framework,Coinbase's toolkit for giving AI agents wallets and the ability to take onchain actions.,https://www.coinbase.com/developer-platform/discover/launches/introducing-agentkit,https://github.com/coinbase/agentkit,https://docs.cdp.coinbase.com/agentkit/docs/welcome,Base;Ethereum;Multichain,mcp,Active,Yes,88,High,-2,Active,1245,true,2026-06-06,https://satohub.ai/resources/coinbase-agentkit
jupiter-aggregator,Jupiter,Trading Tool,resource,Venue,Solana swap aggregator that routes trades across DEXs via a widely used API and SDKs.,https://jup.ag/,https://github.com/jup-ag,https://dev.jup.ag/docs,Solana,mcp,Active,Partial,76,High,-5,Active,,false,2026-06-08,https://satohub.ai/resources/jupiter-aggregator
elizaos,ElizaOS,Agent Framework,resource,Framework,Open-source TypeScript framework for building crypto-native multi-agent systems.,https://elizaos.ai,https://github.com/elizaOS/eliza,https://eliza.how,Solana;Ethereum;Base;Multichain,,Active,Yes,84,High,1,Active,18738,true,2026-06-06,https://satohub.ai/resources/elizaos
model-context-protocol,Model Context Protocol (MCP),Developer Tool,resource,Standard,Anthropic's open standard for connecting AI systems to external tools and data sources.,https://modelcontextprotocol.io,https://github.com/modelcontextprotocol,https://modelcontextprotocol.io/docs,Unknown,mcp,Active,Yes,78,High,2,Active,,false,2026-06-06,https://satohub.ai/resources/model-context-protocol
virtuals-protocol,Virtuals Protocol,Agent Launchpad,resource,Venue,"Launchpad and protocol for creating and tokenizing AI agents, primarily on Base.",https://virtuals.io,https://github.com/Virtual-Protocol,https://whitepaper.virtuals.io,Base;Solana,,Active,Partial,75,High,3,Active,,true,2026-06-06,https://satohub.ai/resources/virtuals-protocol
goat-sdk,GOAT SDK,Skill Repo,resource,Tool/Service,Crossmint's open-source library of onchain actions (tools) for AI agents across chains.,https://github.com/goat-sdk/goat,https://github.com/goat-sdk/goat,https://ohmygoat.dev/docs,Ethereum;Base;Solana;Multichain,,Active,Yes,84,High,1,Active,1000,true,2026-06-06,https://satohub.ai/resources/goat-sdk
solana-agent-kit,Solana Agent Kit,Skill Repo,resource,Tool/Service,SendAI's open-source toolkit connecting AI agents to Solana protocol actions.,https://kit.sendai.fun,https://github.com/sendaifun/solana-agent-kit,https://docs.sendai.fun,Solana,,Active,Yes,78,High,-2,Recent,1680,true,2026-06-06,https://satohub.ai/resources/solana-agent-kit
erc-8004,ERC-8004: Trustless Agents,API / SDK,resource,Tool/Service,"Ethereum standard providing on-chain identity, reputation, and validation registries for AI agents.",https://eips.ethereum.org/EIPS/eip-8004,https://github.com/erc-8004/erc-8004-contracts,https://eips.ethereum.org/EIPS/eip-8004,Ethereum;Multichain;Base;Arbitrum,erc-8004;erc-8183,Active,Yes,71,High,-7,Recent,217,false,2026-06-08,https://satohub.ai/resources/erc-8004
1inch,1inch,Trading Tool,resource,Venue,Multichain DEX aggregator with a developer API suite and an official MCP server for AI-agent swap execution.,https://1inch.io/,https://github.com/1inch,https://portal.1inch.dev/documentation,Ethereum;Base;Arbitrum;Optimism;Polygon;Avalanche;BNB Chain;Multichain;Solana;Gnosis;Monad;zkSync,mcp,Active,Partial,75,High,-5,Active,,false,2026-06-08,https://satohub.ai/resources/1inch
olas,Olas (Autonolas),Agent Framework,resource,Framework,Network and framework for co-owned autonomous agent services operating onchain.,https://olas.network,https://github.com/valory-xyz,https://docs.autonolas.network,Ethereum;Gnosis;Base;Multichain,,Active,Yes,84,High,-1,Active,,true,2026-06-06,https://satohub.ai/resources/olas
dydx-chain,dYdX,Trading Tool,resource,Venue,Perpetual futures DEX running on its own Cosmos SDK app-chain with REST/WebSocket and gRPC APIs.,https://dydx.exchange/,https://github.com/dydxprotocol/v4-chain,https://docs.dydx.exchange/,Cosmos;Ethereum;Base;Arbitrum;Polygon;Avalanche;Optimism;Solana,,Active,Yes,83,High,-7,Active,326,false,2026-06-08,https://satohub.ai/resources/dydx-chain
uniswap,Uniswap,Trading Tool,resource,Venue,"Leading multichain spot DEX with v4 hooks, official SDKs, and a hosted Trading API.",https://uniswap.org/,https://github.com/Uniswap,https://docs.uniswap.org/,Ethereum;Base;Arbitrum;Optimism;Polygon;Multichain,mcp,Active,Yes,80,High,-5,Active,,false,2026-06-08,https://satohub.ai/resources/uniswap
openclaw,OpenClaw,Agent Framework,resource,Framework,Open-source self-hosted personal AI agent framework with a public skill registry (ClawHub) that runs across multiple messaging channels.,https://openclaw.ai/,https://github.com/openclaw/openclaw,https://docs.openclaw.ai/,Unknown,,Active,Yes,84,High,-7,Active,382639,false,2026-06-08,https://satohub.ai/resources/openclaw
agent-payments-protocol-ap2,Agent Payments Protocol (AP2),API / SDK,resource,Tool/Service,"Open protocol from Google for secure agent-led payments across traditional and crypto rails, with a crypto-native x402 extension built with Coinbase, Ethereum Foundation, and MetaMask.",https://ap2-protocol.org/,https://github.com/google-agentic-commerce/AP2,https://ap2-protocol.org/specification/,Ethereum;Base;Multichain,x402;mcp;a2a,Active,Yes,77,High,-10,Recent,2937,false,2026-06-08,https://satohub.ai/resources/agent-payments-protocol-ap2
zerion,Zerion,Data Tool,resource,Tool/Service,"Wallet and DeFi data provider offering portfolio, positions, transactions, PnL, and prices across many chains, with an agent-accessible API.",https://zerion.io/,https://github.com/zeriontech/zerion-ai,https://developers.zerion.io/introduction,Ethereum;Base;Arbitrum;Optimism;Polygon;Avalanche;BNB Chain;Multichain;Solana;Tron;Monad,x402;mcp,Active,Partial,78,High,2,Active,50,true,2026-06-08,https://satohub.ai/resources/zerion
x402,x402,API / SDK,resource,Tool/Service,Open payment protocol enabling agents and apps to pay for APIs over HTTP using stablecoins.,https://x402.org,https://github.com/coinbase/x402,https://docs.cdp.coinbase.com/x402/docs/welcome,Base;Ethereum;Multichain;Solana,x402,Early,Yes,83,High,1,Active,103,true,2026-06-06,https://satohub.ai/resources/x402
claude-code,Claude Code,Agent Framework,resource,Framework,"Anthropic's agentic command-line coding tool that runs agents and loads Agent Skills, including onchain skills.",https://claude.com/claude-code,https://github.com/anthropics/claude-code,https://docs.claude.com/en/docs/claude-code/overview,Unknown,mcp,Active,No,76,High,-5,Active,137360,false,2026-06-08,https://satohub.ai/resources/claude-code
agentic-commerce-protocol-acp,Agentic Commerce Protocol (ACP),API / SDK,resource,Tool/Service,"Open standard maintained by OpenAI and Stripe for connecting buyers, their AI agents, and businesses to complete purchases.",https://www.agenticcommerce.dev,https://github.com/agentic-commerce-protocol/agentic-commerce-protocol,https://docs.stripe.com/agentic-commerce/acp,Unknown,x402;mcp,Beta,Yes,77,High,-20,Recent,1441,false,2026-06-08,https://satohub.ai/resources/agentic-commerce-protocol-acp
gmx,GMX,Trading Tool,resource,Venue,Decentralized spot and perpetual exchange on Arbitrum and Avalanche with an official SDK and REST API.,https://gmx.io/,https://github.com/gmx-io,https://docs.gmx.io/,Arbitrum;Avalanche,,Active,Partial,69,Medium,-4,Active,,false,2026-06-08,https://satohub.ai/resources/gmx
bankr,Bankr,Wallet Infrastructure,agent,Infrastructure,"Crypto execution layer and cross-chain wallet that lets agents and users trade, bridge, and manage assets via natural language, plus a skills marketplace and an x402 cloud for spinning up pay-per-call agent endpoints.",https://bankr.bot/,https://github.com/BankrBot/skills,https://docs.bankr.bot/,Base;Ethereum;Polygon;Arbitrum;Solana;Bitcoin;BNB Chain;Multichain;Hyperliquid,x402;a2a,Active,Partial,76,High,-9,Active,1158,false,2026-06-08,https://satohub.ai/resources/bankr
defillama,DefiLlama,Data Tool,resource,Tool/Service,"Open DeFi analytics dashboard and free API tracking TVL, fees, revenue, volume, and yields across many chains and protocols.",https://defillama.com/,https://github.com/DefiLlama,https://api-docs.defillama.com/,Ethereum;Base;Solana;Arbitrum;Optimism;Polygon;Avalanche;BNB Chain;Multichain,,Active,Yes,75,High,2,Active,,true,2026-06-08,https://satohub.ai/resources/defillama
privy,Privy,Wallet Infrastructure,resource,Infrastructure,Embedded and server wallet infrastructure used to give agents secure key management.,https://privy.io,https://github.com/privy-io,https://docs.privy.io,Ethereum;Base;Solana;Multichain,,Active,Partial,80,High,0,Active,,true,2026-06-06,https://satohub.ai/resources/privy
trust-wallet-agent-kit,Trust Wallet Agent Kit (TWAK),Wallet Infrastructure,resource,Infrastructure,"Non-custodial toolkit from Trust Wallet (MCP server, CLI, and SDK) that lets AI agents read and transact across 25+ chains within user-defined rules.",https://developer.trustwallet.com/developer/agent-sdk,https://github.com/trustwallet/tw-agent-skills,https://developer.trustwallet.com/developer/agent-sdk,Ethereum;Base;Solana;Arbitrum;Optimism;Polygon;BNB Chain;Avalanche;Multichain,x402;mcp,Active,Partial,86,High,2,Active,63,true,2026-06-08,https://satohub.ai/resources/trust-wallet-agent-kit
universal-commerce-protocol-ucp,Universal Commerce Protocol (UCP),API / SDK,resource,Tool/Service,"Open standard co-developed by Google and Shopify for AI agents to discover, negotiate, and transact with any merchant across the full commerce journey.",https://www.shopify.com/ucp,,https://developers.google.com/merchant/ucp,Unknown,mcp;a2a,Active,Yes,59,Medium,5,,,false,2026-06-08,https://satohub.ai/resources/universal-commerce-protocol-ucp
alchemy,Alchemy,API / SDK,resource,Tool/Service,"A blockchain developer platform providing node infrastructure plus NFT, Token, and Transfers APIs and SDKs across many chains.",https://www.alchemy.com/,https://github.com/alchemyplatform,https://www.alchemy.com/docs,Ethereum;Base;Solana;Arbitrum;Optimism;Polygon;Multichain,,Active,Partial,76,High,3,Active,,true,2026-06-08,https://satohub.ai/resources/alchemy
coti,COTI,Security Tool,resource,Infrastructure,"Privacy infrastructure that gives MCP-compatible agents private wallets, encrypted messaging, and confidential smart contracts using Garbled Circuits.",https://coti.io,https://github.com/coti-io,https://docs.coti.io,COTI;Ethereum,mcp,Active,Partial,64,Medium,-4,Active,,false,2026-06-08,https://satohub.ai/resources/coti
turnkey,Turnkey,Wallet Infrastructure,resource,Infrastructure,"Secure key management infrastructure with policy controls, commonly used for agent wallets.",https://turnkey.com,https://github.com/tkhq,https://docs.turnkey.com,Ethereum;Base;Solana;Multichain,,Active,Partial,80,High,0,Active,,true,2026-06-06,https://satohub.ai/resources/turnkey
openai-codex,OpenAI Codex,Agent Framework,resource,Framework,"OpenAI's agentic coding tool (CLI, IDE, and cloud) that runs agents and connects to MCP servers and skills.",https://openai.com/codex,https://github.com/openai/codex,https://developers.openai.com/codex,Unknown,mcp,Active,Partial,80,High,-6,Active,96187,false,2026-06-08,https://satohub.ai/resources/openai-codex
nansen,Nansen,Data Tool,resource,Tool/Service,"Onchain analytics platform with wallet labeling and smart-money tracking, offering an API with key-based and x402 access.",https://nansen.ai/,,https://nansen.ai/api,Ethereum;Base;Solana;Arbitrum;Optimism;Polygon;Multichain,x402,Active,No,45,Medium,-2,Recent,,false,2026-06-08,https://satohub.ai/resources/nansen
erc-8183,ERC-8183: Agentic Commerce,API / SDK,resource,Tool/Service,"Draft Ethereum standard defining an on-chain job-escrow protocol with evaluator attestation so AI agents can hire, deliver, and settle work without intermediaries.",https://eips.ethereum.org/EIPS/eip-8183,https://github.com/erc-8183/base-contracts,https://eips.ethereum.org/EIPS/eip-8183,Ethereum,erc-8004;erc-8183,Early,Yes,79,High,-6,Active,9,false,2026-06-08,https://satohub.ai/resources/erc-8183
hermes-agent,Hermes Agent,Agent Framework,resource,Framework,Open-source self-improving AI agent from Nous Research with a built-in learning loop and one-step migration from OpenClaw.,https://hermes-agent.nousresearch.com/,https://github.com/NousResearch/hermes-agent,https://hermes-agent.nousresearch.com/docs/,Unknown,mcp,Active,Yes,84,High,-7,Active,213024,false,2026-06-08,https://satohub.ai/resources/hermes-agent
metamask-agent-wallet,MetaMask Agent Wallet,Wallet Infrastructure,resource,Infrastructure,"Self-custodial MetaMask wallet for AI agents with built-in transaction simulation, threat scanning, and spending controls across EVM chains.",https://metamask.io/agent-wallet,,,Ethereum;Base;Arbitrum;Optimism;Polygon;Multichain;Avalanche;BNB Chain;Sei;Hyperliquid,,Early,Unknown,46,Medium,0,Recent,,false,2026-06-08,https://satohub.ai/resources/metamask-agent-wallet
messari,Messari,Research Tool,resource,Tool/Service,"Crypto research and data platform covering fundraising, metrics, signals, and news, with API-key and x402 agent access.",https://messari.io/,,https://docs.messari.io/,Multichain,x402,Active,No,,,,,,false,2026-06-08,https://satohub.ai/resources/messari
world-agentkit,World AgentKit,API / SDK,resource,Tool/Service,"SDK from World (Tools for Humanity) that lets AI agents present a zero-knowledge proof a verified human authorized them, combined with x402 payments.",https://docs.world.org/agents/agent-kit/integrate,https://github.com/worldcoin/agentkit,https://docs.world.org/agents/agent-kit/integrate,Base,x402,Beta,Partial,86,High,2,Active,19,true,2026-06-08,https://satohub.ai/resources/world-agentkit
quicknode,QuickNode,API / SDK,resource,Tool/Service,"RPC infrastructure provider offering endpoints, Streams, and indexing tools across many blockchain networks.",https://www.quicknode.com/,https://github.com/quiknode-labs,https://www.quicknode.com/docs/welcome,Ethereum;Base;Solana;Arbitrum;Optimism;Polygon;BNB Chain;Multichain;Bitcoin;Hyperliquid;MegaETH;Monad,,Active,Partial,66,Medium,3,Recent,,false,2026-06-08,https://satohub.ai/resources/quicknode
aixbt,aixbt,Onchain Agent,agent,,AI market-intelligence agent that publishes crypto narrative and project analysis.,https://aixbt.tech,,,Base,,Active,No,30,Low,12,,,false,2026-06-06,https://satohub.ai/resources/aixbt
drift-protocol,Drift Protocol,Trading Tool,resource,Venue,Open-source Solana perpetual futures DEX with TypeScript and Python SDKs and a self-hosted HTTP gateway.,https://drift.trade/,https://github.com/drift-labs/protocol-v2,https://docs.drift.trade/,Solana,,Active,Yes,83,High,-7,Active,395,false,2026-06-08,https://satohub.ai/resources/drift-protocol
neynar,Neynar,API / SDK,resource,Tool/Service,"Farcaster developer platform providing APIs, SDKs, webhooks, and an agent skill for building and deploying agents that read and write Farcaster data.",https://neynar.com/,https://github.com/neynarxyz,https://docs.neynar.com/,Base;Ethereum,x402,Active,Partial,69,Medium,15,,,true,2026-06-08,https://satohub.ai/resources/neynar
giza-arma,Giza (ARMA),Onchain Agent,resource,Framework,ARMA is Giza's autonomous agent that manages stablecoin lending positions across Base DeFi protocols on the user's behalf.,https://www.gizatech.xyz/,,,Base,,Active,Unknown,33,Low,9,,,false,2026-06-08,https://satohub.ai/resources/giza-arma
phantom-mcp,Phantom MCP,MCP,resource,Tool/Service,"Phantom's MCP server that lets AI agents view addresses, sign transactions, swap, and transfer tokens across Solana, Ethereum, Bitcoin, and Sui.",https://help.phantom.com/hc/en-us/articles/49235725504147-Get-started-with-Phantom-MCP,,https://help.phantom.com/hc/en-us/articles/49235725504147-Get-started-with-Phantom-MCP,Solana;Ethereum;Bitcoin;Sui;Multichain,mcp,Active,Unknown,31,Low,-2,,,false,2026-06-08,https://satohub.ai/resources/phantom-mcp
cow-protocol,CoW Protocol,Trading Tool,resource,Venue,"Intent-based trading protocol with batch-auction solvers, MEV protection, and a developer API and SDK.",https://cow.fi/,https://github.com/cowprotocol,https://docs.cow.fi/,Ethereum;Base;Arbitrum;Polygon,,Active,Yes,65,Medium,7,,,false,2026-06-08,https://satohub.ai/resources/cow-protocol
almanak,Almanak,Agent Framework,resource,Framework,"An AI-agent framework and non-custodial vault protocol for designing, backtesting, and deploying automated DeFi yield and trading strategies.",https://almanak.co/,https://github.com/almanak-co/sdk,https://sdk.docs.almanak.co,Multichain;Ethereum;Arbitrum;Optimism;Base;Avalanche;Polygon;BNB Chain;Monad;Solana;Berachain,,Active,Partial,78,High,2,Active,57,true,2026-06-08,https://satohub.ai/resources/almanak
venice-ai,Venice AI,API / SDK,resource,Tool/Service,"Private, uncensored AI inference platform with an OpenAI-compatible API used by agent builders.",https://venice.ai,,https://docs.venice.ai,Base,,Active,Partial,48,Medium,6,,,false,2026-06-08,https://satohub.ai/resources/venice-ai
opensea-agent-skill,OpenSea Agent Skill,API / SDK,resource,Tool/Service,"Official OpenSea agent skill and MCP server letting AI agents query NFT/token data and execute marketplace operations such as listing, offers, and token swaps.",https://docs.opensea.io/docs/build-with-ai-agents,https://github.com/ProjectOpenSea/opensea-skill,https://docs.opensea.io/reference/mcp-overview,Ethereum;Base;Solana;Polygon;Arbitrum;Optimism,x402;mcp,Active,Yes,81,High,-7,Active,42,false,2026-06-08,https://satohub.ai/resources/opensea-agent-skill
clanker,Clanker,Onchain Agent,resource,Framework,Agent that deploys tokens on Base when tagged on Farcaster.,https://clanker.world,https://github.com/clanker-devco,,Base;Arbitrum;BNB Chain,,Active,Partial,44,Medium,9,,,false,2026-06-06,https://satohub.ai/resources/clanker
warden-protocol,Warden Protocol,Agent Framework,resource,Framework,A Cosmos SDK Layer 1 with EVM compatibility positioned as a settlement and distribution layer for AI agents.,https://wardenprotocol.org,https://github.com/warden-protocol,https://docs.wardenprotocol.org,Cosmos;Ethereum;Base;Solana;BNB Chain,,Active,Partial,53,Medium,7,,,false,2026-06-08,https://satohub.ai/resources/warden-protocol
cobo-agentic-wallet,Cobo Agentic Wallet,Wallet Infrastructure,resource,Infrastructure,"Non-custodial MPC wallet for AI agents with cryptographically enforced human rules, plus a WaaS Skill for building wallet apps via natural language.",https://www.cobo.com/agentic-wallet,,https://www.cobo.com/developers/v2/guides/overview/cobo-waas-skill,Ethereum;Solana;Base;Multichain;Polygon;Hyperliquid,x402;mcp,Active,Unknown,48,Medium,10,,,false,2026-06-08,https://satohub.ai/resources/cobo-agentic-wallet
injective-agents,Injective Agents,Agent Framework,resource,Framework,"A platform for deploying autonomous AI trading agents on Injective with onchain identity, order-book trading, and MCP framework support.",https://agents.injective.com,https://github.com/InjectiveLabs/iAgent,https://agents.injective.com/registry,Injective;Cosmos,erc-8004;mcp,Active,Partial,55,Medium,9,Dormant,46,false,2026-06-08,https://satohub.ai/resources/injective-agents
openserv,OpenServ,Agent Framework,resource,Framework,"TypeScript SDK and platform for building, orchestrating, and monetizing collaborative AI agents.",https://www.openserv.ai,https://github.com/openserv-labs/sdk,https://docs.openserv.ai,Multichain,,Active,Partial,68,Medium,6,Quiet,133,true,2026-06-08,https://satohub.ai/resources/openserv
visa-trusted-agent-protocol-tap,Visa Trusted Agent Protocol (TAP),API / SDK,resource,Tool/Service,"Visa protocol that lets merchants authenticate trusted AI shopping agents via cryptographic signatures, with x402 interoperability into traditional payment rails.",https://www.digitaltransactions.net/visa-launches-trusted-agent-an-agentic-commerce-protocol/,,,Unknown,x402,Active,Unknown,38,Low,12,,,false,2026-06-08,https://satohub.ai/resources/visa-trusted-agent-protocol-tap
binance-agent-skills,Binance Agent Skills,Trading Tool,resource,Tool/Service,"A set of MCP-style Agent Skills that let AI agents access Binance spot, derivatives, margin, Alpha market data, and asset management via standardized APIs.",https://www.binance.com/en/academy/articles/binance-ai-agent-skills-alpha-derivatives-margin-and-assets,,,BNB Chain,mcp,Active,No,28,Low,12,,,false,2026-06-08,https://satohub.ai/resources/binance-agent-skills
enso-shortcuts,Enso,API / SDK,resource,Tool/Service,An intent-based onchain execution engine and API that lets developers and agents bundle multi-step DeFi actions into a single transaction.,https://www.enso.build/,https://github.com/EnsoBuild/sdk-ts,https://docs.enso.build/,Ethereum;Base;Arbitrum;Optimism;Polygon;Multichain,,Active,Partial,77,High,12,Active,2,true,2026-06-08,https://satohub.ai/resources/enso-shortcuts
zapper,Zapper,Data Tool,resource,Tool/Service,"Onchain portfolio data provider exposing token, NFT, and DeFi position data across many chains via a GraphQL API.",https://zapper.xyz/,,https://build.zapper.xyz/docs/api/,Ethereum;Base;Arbitrum;Optimism;Polygon;Avalanche;BNB Chain;Multichain,,Active,No,32,Low,-5,,,false,2026-06-08,https://satohub.ai/resources/zapper
wayfinder-protocol,Wayfinder,Agent Framework,resource,Framework,Omnichain protocol that lets AI agents navigate blockchains and execute transactions via natural-language 'Paths'.,https://wayfinder.ai,,https://docs.wayfinder.ai,Multichain;Arbitrum;Base;Hyperliquid,,Beta,Partial,48,Medium,6,,,false,2026-06-08,https://satohub.ai/resources/wayfinder-protocol
manus,Manus,Agent Framework,resource,Framework,General-purpose autonomous AI agent that executes multi-step tasks and can run onchain agent skills.,https://manus.im,,,Unknown,,Active,No,41,Medium,12,,,false,2026-06-08,https://satohub.ai/resources/manus
chainbase,Chainbase,Data Tool,resource,Tool/Service,"An onchain data network providing structured, AI-ready blockchain data across many chains, with API, CLI, MCP, and x402 access.",https://chainbase.com/,https://github.com/chainbase-labs,,Ethereum;Base;Solana;Arbitrum;Optimism;Polygon;BNB Chain;Multichain,x402;mcp,Active,Partial,39,Low,9,,,false,2026-06-08,https://satohub.ai/resources/chainbase
fetchai-uagents,Fetch.ai uAgents,Agent Framework,resource,Framework,Python framework for lightweight autonomous agents with built-in crypto-economic features.,https://fetch.ai,https://github.com/fetchai/uAgents,https://fetch.ai/docs,Cosmos;Ethereum,,Active,Yes,84,High,1,Active,1641,true,2026-06-06,https://satohub.ai/resources/fetchai-uagents
payai-network,PayAI Network,API / SDK,resource,Tool/Service,"Solana-first x402 payment facilitator enabling usage-based, machine-to-machine payments for AI agents.",https://payai.network,https://github.com/PayAINetwork,https://docs.payai.network/introduction,Solana;Base;Polygon;Avalanche;Arbitrum,x402;a2a,Active,Partial,57,Medium,4,,,false,2026-06-08,https://satohub.ai/resources/payai-network
bitagent-unibase,BitAgent (Unibase AIP 2.0),Agent Marketplace,resource,Venue,"An ERC-8183 agent skill marketplace where builders register skills and agents discover, chain, and pay for them on-chain.",https://unibase.io,,,BNB Chain;Base,erc-8004;erc-8183;x402,Active,Unknown,20,Low,0,,,false,2026-06-08,https://satohub.ai/resources/bitagent-unibase
surf-asksurf,Surf (asksurf.ai),Skill Repo,resource,Tool/Service,"An installable skill and unified API giving AI agents access to crypto market, on-chain, social, and prediction-market data across 40+ chains.",https://asksurf.ai/,https://github.com/asksurf-ai/surf-skills,https://agents.asksurf.ai/docs,Multichain,mcp,Active,Partial,71,High,-11,Recent,68,true,2026-06-08,https://satohub.ai/resources/surf-asksurf
pieverse,Pieverse,Agent Launchpad,resource,Venue,"One-click deployment of Web3-native AI agents to Line, Kakao, and WhatsApp, each with its own wallet and onchain execution.",https://www.pieverse.io,,https://www.pieverse.io/whitepaper,Multichain;BNB Chain,x402;erc-8004;a2a,Active,Unknown,48,Medium,18,,,false,2026-06-08,https://satohub.ai/resources/pieverse
kaito,Kaito,Research Tool,resource,Tool/Service,AI-powered crypto research and attention-analytics platform.,https://kaito.ai,,,Multichain,,Active,No,,,,,,false,2026-06-06,https://satohub.ai/resources/kaito
definitive-fi,Definitive,Trading Tool,resource,Tool/Service,"A non-custodial trading platform and API offering algorithmic order types (TWAP, limit, stop) with smart order routing across many chains.",https://www.definitive.fi/,,https://docs.definitive.fi/,Solana;Base;Ethereum;Arbitrum;Optimism;Polygon;Avalanche;BNB Chain;Multichain,,Active,No,39,Low,10,,,false,2026-06-08,https://satohub.ai/resources/definitive-fi
tradingagents,TradingAgents,Agent Framework,resource,Framework,"An open-source multi-agent LLM framework that simulates a trading firm with analyst, trader, and risk-management agents for research purposes.",https://tauricresearch.github.io/TradingAgents/,https://github.com/TauricResearch/TradingAgents,https://tauricresearch.github.io/TradingAgents/,Unknown,,Active,Yes,88,High,-10,Active,91653,false,2026-06-08,https://satohub.ai/resources/tradingagents
peaq,peaq,API / SDK,resource,Tool/Service,"DePIN infrastructure providing agents with identity, wallets, and pay-per-request onchain settlement, with peaqOS skills for AI coding tools.",https://www.peaq.xyz,https://github.com/peaqnetwork,https://docs.peaq.xyz,Multichain,,Active,Partial,65,Medium,12,,,true,2026-06-08,https://satohub.ai/resources/peaq
raydium,Raydium,Trading Tool,resource,Venue,Solana AMM and DEX with an open-source TypeScript SDK V2 and public trade/routing API.,https://raydium.io/,https://github.com/raydium-io/raydium-sdk-V2,https://docs.raydium.io/,Solana,,Active,Yes,87,High,-10,Active,347,false,2026-06-08,https://satohub.ai/resources/raydium
hyperliquid-python-sdk,Hyperliquid Python SDK,API / SDK,resource,Tool/Service,The official open-source Python SDK for programmatic trading on the Hyperliquid perpetuals DEX.,https://hyperliquid.gitbook.io/hyperliquid-docs/for-developers/api,https://github.com/hyperliquid-dex/hyperliquid-python-sdk,https://hyperliquid.gitbook.io/hyperliquid-docs/for-developers/api,Arbitrum;Multichain;Hyperliquid,,Active,Yes,81,High,1,Recent,1540,true,2026-06-08,https://satohub.ai/resources/hyperliquid-python-sdk
chainaware,ChainAware,Security Tool,resource,Infrastructure,"Pre-built MCP blockchain capability modules giving agents fraud detection, AML scoring, wallet profiling, and token analysis.",https://chainaware.ai,https://github.com/ChainAware/behavioral-prediction-mcp,https://chainaware.ai/mcp,Polygon;Ethereum;BNB Chain;Base;TON;Tron;Solana,mcp,Active,Partial,73,High,-9,Active,8,false,2026-06-08,https://satohub.ai/resources/chainaware
kobaru,Kobaru,API / SDK,resource,Tool/Service,An x402 micropayment gateway and transparent proxy that adds pay-per-request paywalls to existing APIs without backend rewrites.,https://www.kobaru.io/,https://github.com/kobaru-io/api-paywall-cookbook,https://docs.kobaru.io/,Solana;Base,x402;mcp,Active,Partial,53,Medium,1,Quiet,4,false,2026-06-08,https://satohub.ai/resources/kobaru
cybercentry,Cybercentry,Security Tool,resource,Infrastructure,"Pay-per-use security verification endpoints for AI agents, billed via x402 micropayments.",https://cybercentry.com,,,Base;Ethereum;Solana,x402,Active,Unknown,25,Low,12,,,false,2026-06-08,https://satohub.ai/resources/cybercentry
carbon-defi,Carbon DeFi,DeFi Tool,resource,Tool/Service,"An on-chain trading protocol for automated, adjustable limit, range, and recurring orders that execute fully on-chain and non-custodially.",https://www.carbondefi.xyz/,,https://docs.carbondefi.xyz/,Ethereum;COTI,mcp,Active,Partial,47,Medium,6,,,false,2026-06-08,https://satohub.ai/resources/carbon-defi
prxvt,PRXVT,Security Tool,resource,Infrastructure,"Open-source privacy SDK that adds unlinkable, zero-knowledge payments on top of the x402 agent payment standard.",https://www.prxvt.com,https://github.com/prxvt,https://github.com/prxvt/sdk,Ethereum;Base;Polygon,x402;erc-8183;a2a,Early,Yes,57,Medium,6,,,false,2026-06-08,https://satohub.ai/resources/prxvt
bankless-onchain-mcp,Bankless Onchain MCP,MCP,resource,Tool/Service,MCP server providing AI assistants read access to onchain data via the Bankless API.,https://github.com/bankless/onchain-mcp,https://github.com/bankless/onchain-mcp,https://docs.bankless.com/bankless-api/other-services/onchain-mcp,Ethereum;Base;Multichain,mcp,Unknown,Yes,67,Medium,16,Dormant,24,true,2026-06-06,https://satohub.ai/resources/bankless-onchain-mcp
mode-network,Mode Network,Onchain Agent,resource,Network,"An Optimism Superchain L2 focused on AI-driven onchain finance, with configurable rules-based trading agents.",https://www.mode.network/,,https://docs.mode.network/,Optimism;Base;Multichain,x402,Active,Unknown,40,Medium,7,,,false,2026-06-08,https://satohub.ai/resources/mode-network
aerodrome-finance,Aerodrome,Trading Tool,resource,Venue,"Spot DEX and liquidity marketplace on Base, with open-source contracts and third-party swap APIs/SDKs.",https://aerodrome.finance/,https://github.com/aerodrome-finance,https://aerodrome.finance/docs,Base,,Active,Yes,57,Medium,6,,,false,2026-06-08,https://satohub.ai/resources/aerodrome-finance
endaoment,Endaoment,Other,resource,Tool/Service,"On-chain US 501(c)(3) community foundation enabling donor-advised funds and crypto, stock, and cash donations to nonprofits, with an agent skill for charitable giving.",https://endaoment.org/,,https://docs.endaoment.org/,Ethereum;Base,,Active,Unknown,46,Medium,10,,,false,2026-06-08,https://satohub.ai/resources/endaoment
freysa,Freysa,Onchain Agent,agent,,Adversarial AI agent experiment where users try to convince an agent to release onchain funds.,https://freysa.ai,,,Base,,Unknown,Partial,29,Low,11,,,false,2026-06-06,https://satohub.ai/resources/freysa
orca,Orca,Trading Tool,resource,Venue,Solana concentrated-liquidity AMM (Whirlpools) with open-source TypeScript and Rust SDKs.,https://www.orca.so/,https://github.com/orca-so/whirlpools,https://dev.orca.so/,Solana,,Active,Yes,83,High,-7,Active,536,false,2026-06-08,https://satohub.ai/resources/orca
a0x,A0x,Agent Launchpad,resource,Venue,"A no-code platform on Base for building, tokenizing, and deploying social AI agents ('Onchain Minds') across Farcaster, X, and Telegram.",https://a0x.co,https://github.com/a0x-co,,Base,,Active,Partial,46,Medium,9,,,false,2026-06-08,https://satohub.ai/resources/a0x
orderly-network,Orderly Network,API / SDK,resource,Tool/Service,Omnichain orderbook trading infrastructure exposing REST and WebSocket APIs and SDKs for DEX builders.,https://orderly.network/,https://github.com/OrderlyNetwork,https://orderly.network/docs/build-on-omnichain/evm-api/introduction,Multichain;Ethereum;Arbitrum;Base;Solana,mcp,Active,Partial,69,Medium,15,,,true,2026-06-08,https://satohub.ai/resources/orderly-network
agenc,AgenC,Agent Marketplace,resource,Venue,"A Solana coordination protocol and marketplace where agents claim escrowed tasks, prove completion with ZK proofs, and settle payment on-chain.",https://agenc.tech,https://github.com/tetsuo-ai,https://docs.agenc.tech,Solana,,Active,Partial,57,Medium,5,,,false,2026-06-08,https://satohub.ai/resources/agenc
agent-skills-hub,Agent Skills Hub,Security Tool,resource,Infrastructure,A registry of AI agent skills that applies automated source-code scanning and assigns security grades before installation.,https://agentskillshub.dev/,https://github.com/agent-skills-hub/agent-skills-hub,https://agent-skills-hub.github.io,Unknown,mcp,Active,Partial,59,Medium,3,Recent,26,false,2026-06-08,https://satohub.ai/resources/agent-skills-hub
0xwork,0xWork,Developer Tool,resource,Tool/Service,"Base-based marketplace where humans and AI agents post and complete tasks, with USDC locked in on-chain escrow, agent staking, and ERC-8004 identity/reputation.",https://www.0xwork.org/,,,Base,x402;erc-8004,Early,Unknown,33,Low,12,,,false,2026-06-08,https://satohub.ai/resources/0xwork
keyrock-coinbase-who-pays-the-agent-report,Who Pays the Agent? (Keyrock x Coinbase Report),Research Paper,reference,,"Research report analyzing on-chain AI-agent payments, finding agents settled roughly $73M across about 176M transactions over twelve months with USDC dominant.",https://keyrock.com/who-pays-the-agent/,,,Multichain,x402,Active,Unknown,,,,,,false,2026-06-08,https://satohub.ai/resources/keyrock-coinbase-who-pays-the-agent-report
hydrex,Hydrex,DeFi Tool,resource,Tool/Service,"Base MetaDEX and liquidity hub where users lock HYDX for vote-escrowed governance and deposit single-sided liquidity into auto-managed vaults, with actions exposed as a Bankr agent skill.",https://www.hydrex.fi/,,https://docs.hydrex.fi/,Base,,Active,Unknown,41,Medium,7,,,false,2026-06-08,https://satohub.ai/resources/hydrex
jupiter-mcp,Jupiter MCP Server,MCP,resource,Tool/Service,Open-source MCP servers that let AI agents execute Solana token swaps via Jupiter's Ultra aggregation API.,,https://github.com/kukapay/jupiter-mcp,,Solana,mcp,Active,Yes,35,Low,-5,Dormant,24,false,2026-06-08,https://satohub.ai/resources/jupiter-mcp
agently-agent-commerce,Agently,API / SDK,resource,Framework,"Routing and settlement layer and CLI for agent-to-agent commerce, supporting EVM wallets, agent discovery, A2A messaging, x402 payments, and ERC-8004 identity.",https://use-agently.com,https://github.com/AgentlyHQ/use-agently,,Base,x402;erc-8004;mcp;a2a,Early,Yes,59,Medium,10,Quiet,65,true,2026-06-08,https://satohub.ai/resources/agently-agent-commerce
spectral-syntax,Spectral Syntax,Agent Framework,resource,Framework,A no-code platform from Spectral Labs that turns natural-language prompts into autonomous onchain agents with wallets and trading capabilities.,https://www.spectrallabs.xyz/,,https://docs.spectrallabs.xyz/,Base;Ethereum,,Active,Unknown,39,Low,7,,,false,2026-06-08,https://satohub.ai/resources/spectral-syntax
aevo,Aevo,Trading Tool,resource,Venue,Decentralized options and perpetuals exchange on a custom OP Stack L2 with REST and WebSocket APIs.,https://www.aevo.xyz/,,https://docs.aevo.xyz/,Optimism;Ethereum,mcp,Active,Unknown,45,Medium,10,,,false,2026-06-08,https://satohub.ai/resources/aevo
nodeops-createos,NodeOps (CreateOS),Developer Tool,resource,Tool/Service,A deployment platform whose CreateOS skills let AI coding tools deploy and manage apps without manual DevOps.,https://nodeops.network,,https://nodeops.network/createos/docs/API-MCP/CreateOS-Skills,Unknown,mcp,Active,Unknown,44,Medium,7,,,false,2026-06-08,https://satohub.ai/resources/nodeops-createos
agentnode,AgentNode,Developer Tool,resource,Tool/Service,An open package registry where AI agents detect missing capabilities and install trust-scored skills on demand.,https://www.agentnode.net/,https://github.com/agentnode-ai/agentnode,https://agentnode.net/docs,Unknown,mcp,Active,Yes,72,High,-7,Active,1,false,2026-06-08,https://satohub.ai/resources/agentnode
paradex,Paradex,Trading Tool,resource,Venue,Perpetuals (and options) DEX built as a Starknet appchain with REST/WebSocket APIs and SDK tooling.,https://www.paradex.trade/,,https://docs.paradex.trade/,Ethereum;Multichain,,Active,Unknown,46,Medium,10,,,false,2026-06-08,https://satohub.ai/resources/paradex
clawhub,ClawHub,Skill Repo,resource,Tool/Service,"A public, npm-style registry for publishing, versioning, and searching OpenClaw agent skills and plugins.",https://clawhub.ai,https://github.com/openclaw/clawhub,,Unknown,,Active,Yes,68,Medium,-5,Active,9131,false,2026-06-08,https://satohub.ai/resources/clawhub
cod3x,Cod3x,Agent Framework,resource,Framework,A DeFAI platform to create no-code AI agents that translate natural-language intent into onchain DeFi strategies and trades.,https://www.cod3x.org/,,,Multichain;Hyperliquid;Arbitrum,,Active,Unknown,31,Low,13,,,false,2026-06-08,https://satohub.ai/resources/cod3x
x402node-mcp,x402node MCP,MCP,resource,Tool/Service,MCP server that discovers x402-paid APIs via CDP Bazaar and handles USDC micropayments on Base.,https://github.com/x402node/x402-mcp,https://github.com/x402node/x402-mcp,,Base;Solana,x402;mcp,Active,Yes,63,Medium,,Active,1,false,2026-07-13,https://satohub.ai/resources/x402node-mcp
megaeth,MegaETH,Wallet Infrastructure,resource,Infrastructure,"Real-time Ethereum L2 (~10ms blocks) with a native agent stack: the MOSS embedded wallet lets agents act under scoped, revocable permission policies — spend caps, contract allowlists, and expiry — without ever touching your keys.",https://megaeth.com,https://github.com/megaeth-labs,https://docs.megaeth.com,MegaETH;Ethereum,x402,Active,Partial,47,Medium,7,,,false,2026-06-20,https://satohub.ai/resources/megaeth
alchemy-agentpay,Alchemy AgentPay,Wallet Infrastructure,resource,Infrastructure,"Alchemy's payment proxy for AI agents — every API request is authenticated, metered, and settled automatically, so agents pay per call without keys or subscriptions.",https://www.alchemy.com/agentpay,,,Base;Multichain,x402;mcp,Beta,No,30,Low,17,,,false,2026-06-25,https://satohub.ai/resources/alchemy-agentpay
coinbase-mcp,Coinbase MCP Server,MCP,resource,Tool/Service,"Coinbase's remote MCP server — grant an AI agent scoped access to your Coinbase account to trade, make payments, and more.",https://www.coinbase.com/blog/coinbase-for-agents,,https://docs.cdp.coinbase.com/get-started/develop-with-ai/setup/ai-mcp-setup,Base;Multichain,mcp,Active,No,24,Low,2,,,false,2026-06-25,https://satohub.ai/resources/coinbase-mcp
robinhood-chain,Robinhood Chain,Developer Tool,resource,Tool/Service,"Robinhood's permissionless, EVM-compatible Arbitrum L2 for tokenized real-world assets and 24/7 onchain markets.",https://docs.robinhood.com/chain/,,https://docs.robinhood.com/chain/,Robinhood Chain;Ethereum;Arbitrum,,Early,Unknown,37,Low,,,,false,2026-07-11,https://satohub.ai/resources/robinhood-chain
alpaca-mcp,Alpaca MCP Server,MCP,resource,Tool/Service,"Official Alpaca MCP for stock, options, and crypto trading, portfolio and order management, and market data.",https://alpaca.markets,https://github.com/alpacahq/alpaca-mcp-server,https://docs.alpaca.markets/docs/getting-started,Unknown,mcp,Active,Unknown,66,Medium,,Active,853,false,2026-07-12,https://satohub.ai/resources/alpaca-mcp
kraken-cli,Kraken CLI,Developer Tool,resource,Tool/Service,"Official Kraken CLI with a built-in MCP server for spot, futures, forex, and tokenized stock trading.",https://github.com/krakenfx/kraken-cli,https://github.com/krakenfx/kraken-cli,https://github.com/krakenfx/kraken-cli/releases,Unknown,mcp,Active,Yes,62,Medium,,Recent,487,false,2026-07-12,https://satohub.ai/resources/kraken-cli
solana-foundation-mcp,Official Solana MCP Server,MCP,resource,Tool/Service,"Solana Foundation's official MCP serving live developer docs, semantic search, and a program autofixer.",https://mcp.solana.com,https://github.com/solana-foundation/solana-mcp-official,,Solana,mcp,Active,Unknown,64,Medium,,,,false,2026-07-12,https://satohub.ai/resources/solana-foundation-mcp
blockscout-mcp,Blockscout MCP Server,MCP,resource,Tool/Service,"Wraps Blockscout explorer APIs so agents can query balances, tokens, NFTs, and contract data across chains.",https://www.blockscout.com,https://github.com/blockscout/mcp-server,https://dev.blockscout.com,Multichain,mcp,Active,Unknown,72,High,,Active,40,false,2026-07-12,https://satohub.ai/resources/blockscout-mcp
dexpaprika-mcp,DexPaprika MCP Server,MCP,resource,Tool/Service,"Zero-config MCP access to DexPaprika's DEX data — tokens, liquidity pools, and OHLCV across 33 chains.",https://dexpaprika.com,https://github.com/coinpaprika/dexpaprika-mcp,https://docs.dexpaprika.com/introduction,Multichain,mcp,Active,Yes,79,High,,Active,39,false,2026-07-12,https://satohub.ai/resources/dexpaprika-mcp
debridge-mcp,deBridge MCP,MCP,resource,Tool/Service,"deBridge's official MCP for cross-chain and same-chain token swaps, fee estimation, and trade execution.",https://agents.debridge.com,https://github.com/debridge-finance/debridge-mcp,,Multichain,mcp,Active,Yes,64,Medium,,Quiet,31,false,2026-07-12,https://satohub.ai/resources/debridge-mcp
nodit-mcp,Nodit MCP Server,MCP,resource,Tool/Service,Official Nodit MCP server giving agents normalized multi-chain blockchain data across EVM and non-EVM networks.,https://developer.nodit.io/,https://github.com/noditlabs/nodit-mcp-server,https://developer.nodit.io/,Multichain,mcp,Active,Yes,71,High,,Active,23,false,2026-07-12,https://satohub.ai/resources/nodit-mcp
bybit-trading-mcp,Bybit Trading MCP,MCP,resource,Tool/Service,"Official Bybit MCP for market data, trading, positions, wallet, and portfolio via REST and WebSocket.",https://www.bybit.com/,https://github.com/bybit-exchange/trading-mcp,https://bybit-exchange.github.io/docs/v5/intro,Multichain,mcp,Active,Yes,71,High,,Active,19,false,2026-07-12,https://satohub.ai/resources/bybit-trading-mcp
zetachain-cli,ZetaChain CLI,Developer Tool,resource,Tool/Service,Official ZetaChain CLI with MCP installation support for universal smart-contract workflows across connected chains.,https://www.zetachain.com,https://github.com/zeta-chain/cli,https://github.com/zeta-chain/cli,Multichain,mcp,Unknown,Unknown,46,Medium,,Quiet,3,false,2026-07-13,https://satohub.ai/resources/zetachain-cli
thirdweb-ai,thirdweb AI,MCP,resource,Tool/Service,"Thirdweb's MCP toolkit bundling Nebula, Insight, Engine, and Storage for onchain agent building.",https://portal.thirdweb.com/,https://github.com/thirdweb-dev/ai,https://portal.thirdweb.com/,Multichain,mcp,Active,Yes,58,Medium,,Dormant,18,false,2026-07-12,https://satohub.ai/resources/thirdweb-ai
tatum-blockchain-mcp,Tatum Blockchain MCP,MCP,resource,Tool/Service,Official Tatum MCP exposing blockchain data and RPC gateway access across 130+ networks.,https://docs.tatum.io,https://github.com/tatumio/blockchain-mcp,https://docs.tatum.io/reference,Multichain,mcp,Unknown,Yes,61,Medium,,Recent,14,false,2026-07-12,https://satohub.ai/resources/tatum-blockchain-mcp
x402scan,x402scan,Data Tool,resource,Tool/Service,"Explorer for the x402 ecosystem: transactions, sellers, origins, and resources across agentic commerce.",https://www.x402scan.com,,,Base,x402,Active,Unknown,24,Low,,,,false,2026-07-14,https://satohub.ai/resources/x402scan
arcadia-mcp,Arcadia MCP,MCP,resource,Tool/Service,Official Arcadia Finance MCP for concentrated-liquidity strategies on Uniswap and Aerodrome.,https://arcadia.finance,https://github.com/arcadia-finance/mcp-server,,Base;Optimism,mcp,Unknown,Yes,61,Medium,,Recent,4,false,2026-07-12,https://satohub.ai/resources/arcadia-mcp
philidor-mcp,Philidor MCP,MCP,resource,Tool/Service,"Hosted MCP scoring risk across 700+ DeFi vaults on Morpho, Aave, Spark, Yearn, and Beefy for agent due diligence.",https://github.com/Philidor-Labs/philidor-mcp,https://github.com/Philidor-Labs/philidor-mcp,,Ethereum;Base;Arbitrum;Polygon;Optimism;Avalanche,mcp,Active,Yes,73,High,,Quiet,4,false,2026-07-12,https://satohub.ai/resources/philidor-mcp
octav-api-mcp,Octav API MCP,MCP,resource,Tool/Service,"Official Octav MCP exposing portfolio holdings, DeFi positions, NAV, and transaction history across 20+ chains.",https://octav.fi,https://github.com/Octav-Labs/octav-api-mcp,,Multichain,x402;mcp,Active,Yes,63,Medium,,Active,0,false,2026-07-12,https://satohub.ai/resources/octav-api-mcp
coinmarketcap-mcp,CoinMarketCap MCP,MCP,resource,Tool/Service,"Official CoinMarketCap hosted MCP for quotes, technical analysis, on-chain metrics, and market data.",https://coinmarketcap.com/api/,,https://coinmarketcap.com/api/,Multichain,mcp,Unknown,No,35,Low,,,,false,2026-07-12,https://satohub.ai/resources/coinmarketcap-mcp
mppscan,MPPscan,Data Tool,resource,Tool/Service,"Ecosystem explorer for the Machine Payments Protocol (MPP) on Tempo: agent payment servers, micropayments, and volume.",https://mppscan.com,,,,,Active,Unknown,23,Low,,,,false,2026-07-14,https://satohub.ai/resources/mppscan
dune-mcp,Dune MCP,MCP,resource,Tool/Service,"Official Dune remote MCP for generating, running, and visualizing DuneSQL queries and dashboards from an agent.",https://dune.com,,https://docs.dune.com/api-reference/agents/mcp,Multichain,mcp,Active,Unknown,24,Low,,,,false,2026-07-12,https://satohub.ai/resources/dune-mcp
zerion-mcp,Zerion MCP,MCP,resource,Tool/Service,"Zerion's hosted MCP server exposing normalized wallet balances, DeFi positions, NFTs, and PnL across EVM chains and Solana.",https://developers.zerion.io/mcp,,https://developers.zerion.io/mcp,Multichain,mcp,Active,No,40,Medium,,,,false,2026-07-12,https://satohub.ai/resources/zerion-mcp
quicknode-mcp,QuickNode MCP,MCP,resource,Tool/Service,"Official remote MCP for managing QuickNode blockchain endpoints, rate limits, security, and billing via natural language.",https://www.quicknode.com/docs/build-with-ai/quicknode-mcp,,https://www.quicknode.com/docs/build-with-ai/quicknode-mcp,Multichain,mcp,Active,No,44,Medium,,,,false,2026-07-12,https://satohub.ai/resources/quicknode-mcp
agentcash,AgentCash,API / SDK,resource,Tool/Service,"One prepaid balance that lets AI agents buy data, APIs, and tools per call - no API keys, no subscriptions.",https://agentcash.dev,,,,,Unknown,Unknown,25,Low,,,,false,2026-07-14,https://satohub.ai/resources/agentcash
chainstack-mcp,Chainstack MCP,MCP,resource,Tool/Service,"Official remote Streamable HTTP MCP: Chainstack docs search, platform status, live pricing, and node deployment.",https://docs.chainstack.com/docs/chainstack-mcp-server,,https://docs.chainstack.com/docs/chainstack-mcp-server,Multichain,mcp,Active,No,42,Medium,,,,false,2026-07-12,https://satohub.ai/resources/chainstack-mcp
bitquery-mcp,Bitquery MCP,MCP,resource,Tool/Service,"Hosted MCP endpoint for natural-language queries over Bitquery's trading, OHLC, and token-economics datasets.",https://docs.bitquery.io/docs/mcp/mcp-server/,,https://docs.bitquery.io/docs/mcp/mcp-server/,Multichain,mcp,Active,No,36,Low,,,,false,2026-07-12,https://satohub.ai/resources/bitquery-mcp
hive-intelligence-mcp,Hive Intelligence Crypto MCP,MCP,resource,Tool/Service,"Hosted MCP exposing 375+ crypto tools spanning market data, DeFi analytics, security scans, and wallet data.",https://hiveintelligence.xyz/crypto-mcp,,https://hiveintelligence.xyz/crypto-mcp,Multichain,mcp,Active,No,36,Low,,,,false,2026-07-12,https://satohub.ai/resources/hive-intelligence-mcp
evm-mcp-server,EVM MCP Server,MCP,resource,Tool/Service,"MCP server exposing 22 tools across 60+ EVM chains: balances, contracts, token transfers, ENS, block/tx data.",https://github.com/mcpdotdirect/evm-mcp-server,https://github.com/mcpdotdirect/evm-mcp-server,,Multichain,mcp,Active,Yes,52,Medium,,Recent,378,false,2026-07-13,https://satohub.ai/resources/evm-mcp-server
megapot,Megapot,DeFi Tool,resource,Tool/Service,Permissionless on-chain lottery on Base where players buy stablecoin tickets for provably-fair draws and liquidity providers fund jackpots.,https://megapot.io/,,,Base,,Active,Unknown,34,Low,9,,,false,2026-06-08,https://satohub.ai/resources/megapot
heurist-mesh-mcp,Heurist Mesh MCP,MCP,resource,Tool/Service,"MCP gateway to Heurist Mesh's 30+ hosted Web3 intelligence agents: token data, DEX pools, X analytics, funding rates.",https://mesh.heurist.ai,https://github.com/heurist-network/heurist-mesh-mcp-server,https://mesh.heurist.ai/console,Multichain,mcp,Active,Yes,56,Medium,,Quiet,63,false,2026-07-13,https://satohub.ai/resources/heurist-mesh-mcp
web3-research-mcp,Web3 Research MCP,MCP,resource,Tool/Service,"Local, keyless MCP for structured crypto token research: web/news/image/video search plus CoinGecko and DeFiLlama data.",https://github.com/aaronjmars/web3-research-mcp,https://github.com/aaronjmars/web3-research-mcp,,Unknown,mcp,Active,Yes,63,Medium,,Active,161,false,2026-07-13,https://satohub.ai/resources/web3-research-mcp
algorand-mcp,Algorand MCP,MCP,resource,Tool/Service,"GoPlausible's Algorand MCP: agent wallets, transaction building/signing, TEAL, DEX aggregation, full Algod/Indexer access.",https://goplausible.com,https://github.com/GoPlausible/algorand-mcp,https://www.npmjs.com/package/@goplausible/algorand-mcp,Unknown,x402;mcp,Active,Yes,71,High,,Active,44,false,2026-07-13,https://satohub.ai/resources/algorand-mcp
memecoin-observatory-mcp,Memecoin Observatory MCP,MCP,resource,Tool/Service,"Solana MCP server for memecoin launch detection, whale tracking, and rugpull risk scanning.",https://github.com/tony-42069/solana-mcp,https://github.com/tony-42069/solana-mcp,,Solana,mcp,Unknown,Yes,48,Medium,,Quiet,24,false,2026-07-13,https://satohub.ai/resources/memecoin-observatory-mcp
ethskills,ETHSKILLS,Skill Repo,resource,Tool/Service,"24 modular markdown skill guides teaching AI agents production Ethereum development, from wallets to security.",https://ethskills.com/,,https://ethskills.com/SKILL.md,Ethereum,,Unknown,Unknown,32,Low,,,,false,2026-07-13,https://satohub.ai/resources/ethskills
mcp-reference-servers,MCP Reference Servers,Developer Tool,resource,Tool/Service,Anthropic's official collection of reference Model Context Protocol server implementations across languages.,https://github.com/modelcontextprotocol/servers,https://github.com/modelcontextprotocol/servers,,Unknown,mcp,Active,Yes,62,Medium,,Active,88322,false,2026-07-13,https://satohub.ai/resources/mcp-reference-servers
uniswap-ai,Uniswap AI,Skill Repo,resource,Tool/Service,"Official Uniswap skill repo: swap, liquidity, and v4 hook tooling for AI trading agents.",https://github.com/Uniswap/uniswap-ai,https://github.com/Uniswap/uniswap-ai,,Multichain,,Active,Yes,65,Medium,,Active,215,false,2026-07-13,https://satohub.ai/resources/uniswap-ai
circle-skills,Circle Skills,Skill Repo,resource,Tool/Service,"Official Circle skill repo for USDC payments, cross-chain transfers, and wallet integration.",https://github.com/circlefin/skills,https://github.com/circlefin/skills,https://developers.circle.com,Multichain,mcp,Active,Yes,65,Medium,,Recent,107,false,2026-07-13,https://satohub.ai/resources/circle-skills
moonpay-skills,MoonPay Skills,Skill Repo,resource,Tool/Service,"Official MoonPay skill repo for crypto onramps, wallet ops, swaps, and prediction-market trading.",https://github.com/moonpay/skills,https://github.com/moonpay/skills,,Multichain,,Active,Unknown,47,Medium,,Recent,111,false,2026-07-13,https://satohub.ai/resources/moonpay-skills
metamask-skills,MetaMask Skills,Skill Repo,resource,Tool/Service,Official MetaMask skill repo: smart-accounts and gator (delegation) tooling for wallet agents.,https://github.com/MetaMask/openclaw-skills,https://github.com/MetaMask/openclaw-skills,,Multichain,,Active,Yes,52,Medium,,Recent,,false,2026-07-13,https://satohub.ai/resources/metamask-skills
gmx-ai,GMX AI,Skill Repo,resource,Tool/Service,Official GMX V2 skill repo for perp trading and liquidity-pool operations via agent.,https://github.com/gmx-io/gmx-ai,https://github.com/gmx-io/gmx-ai,https://docs.gmx.io,Arbitrum;Avalanche,,Unknown,Yes,56,Medium,,Quiet,8,false,2026-07-13,https://satohub.ai/resources/gmx-ai
trailofbits-skills,Trail of Bits Skills,Skill Repo,resource,Tool/Service,Security-research skill marketplace incl. smart-contract vulnerability scanning and constant-time analysis.,https://github.com/trailofbits/skills,https://github.com/trailofbits/skills,,Unknown,,Active,Unknown,58,Medium,,Active,6012,false,2026-07-13,https://satohub.ai/resources/trailofbits-skills
bitget-agent-hub,Bitget Agent Hub,MCP,resource,Tool/Service,"Official Bitget toolkit: MCP server, CLI, SDK, and skills for spot, futures, and account operations.",https://github.com/Bitget-AI/agent_hub,https://github.com/Bitget-AI/agent_hub,,Unknown,mcp,Active,Yes,65,Medium,,Active,218,false,2026-07-13,https://satohub.ai/resources/bitget-agent-hub
gate-for-ai,Gate for AI,MCP,resource,Tool/Service,"Gate.io's official AI infrastructure: CEX/DEX trading, wallet, news, and info MCP tools for agents.",https://github.com/gate/gate-for-ai,https://github.com/gate/gate-for-ai,,Multichain,mcp,Unknown,Yes,47,Medium,,Quiet,35,false,2026-07-13,https://satohub.ai/resources/gate-for-ai
kucoin-skills-hub,KuCoin Skills Hub,Skill Repo,resource,Tool/Service,"Official KuCoin skills giving agents read-only access to spot, margin, futures, and account data.",https://github.com/Kucoin/kucoin-skills-hub,https://github.com/Kucoin/kucoin-skills-hub,,Unknown,,Unknown,Yes,47,Medium,,Quiet,27,false,2026-07-13,https://satohub.ai/resources/kucoin-skills-hub
crypto-com-ai,Crypto.com AI Tools,MCP,resource,Tool/Service,"Official Crypto.com CLI/MCP server for exchange trading, plus a hosted keyless market-data MCP.",https://mcp.crypto.com/docs,https://github.com/crypto-com/cdcx-cli,https://mcp.crypto.com/docs,Unknown,mcp,Unknown,Yes,71,High,,Active,21,false,2026-07-13,https://satohub.ai/resources/crypto-com-ai
hummingbot-mcp,Hummingbot MCP,MCP,resource,Tool/Service,Official Hummingbot MCP server bridging agents to a Hummingbot API instance for multi-exchange trading.,https://github.com/hummingbot/mcp,https://github.com/hummingbot/mcp,,Unknown,mcp,Active,Yes,49,Medium,,Quiet,49,false,2026-07-13,https://satohub.ai/resources/hummingbot-mcp
cryptoquant-mcp,CryptoQuant MCP,MCP,resource,Tool/Service,"Official CryptoQuant MCP server exposing on-chain metrics like MVRV, SOPR, and exchange flows to agents.",https://cryptoquant.com,https://github.com/CryptoQuantOfficial/cryptoquant-mcp,,Multichain,mcp,Unknown,Yes,42,Medium,,Quiet,6,false,2026-07-13,https://satohub.ai/resources/cryptoquant-mcp
alchemy-mcp,Alchemy MCP Server,MCP,resource,Tool/Service,"Official Alchemy MCP server exposing token, NFT, transaction, and wallet-execution tools to agents.",https://www.alchemy.com,https://github.com/alchemyplatform/alchemy-mcp-server,https://www.alchemy.com/docs/alchemy-mcp-server,Multichain,mcp,Active,Yes,71,High,,Active,86,false,2026-07-13,https://satohub.ai/resources/alchemy-mcp
privy-mcp,Privy MCP Server,MCP,resource,Tool/Service,"Official Privy MCP server: create wallets, sign transactions, and manage policies across 11 chains.",https://www.privy.io,https://github.com/privy-io/privy-mcp-server,https://docs.privy.io,Multichain,mcp,Unknown,Yes,55,Medium,,Quiet,2,false,2026-07-13,https://satohub.ai/resources/privy-mcp
alby-mcp,Alby MCP,MCP,resource,Tool/Service,Official Alby MCP connecting Bitcoin Lightning wallets to agents via Nostr Wallet Connect.,https://getalby.com,https://github.com/getAlby/mcp,,Bitcoin,mcp,Active,Yes,49,Medium,,Quiet,48,false,2026-07-13,https://satohub.ai/resources/alby-mcp
maestro-mcp,Maestro MCP Server,MCP,resource,Tool/Service,"Official Maestro Bitcoin MCP: indexer, mempool, price, and node RPC data via hosted mainnet/testnet endpoints.",https://www.gomaestro.org,https://github.com/maestro-org/maestro-mcp-server,https://docs.gomaestro.org,Bitcoin,mcp,Active,Yes,69,Medium,,Quiet,22,false,2026-07-13,https://satohub.ai/resources/maestro-mcp
aptos-mcp,Aptos MCP,MCP,resource,Tool/Service,"Official Aptos MCP server: Move dev guidance, Geomi project automation, and sponsored-transaction setup.",https://github.com/aptos-labs/aptos-npm-mcp,https://github.com/aptos-labs/aptos-npm-mcp,https://aptos.dev/build/ai/aptos-mcp,Aptos,mcp,Active,Yes,71,High,,Active,13,false,2026-07-13,https://satohub.ai/resources/aptos-mcp
starknet-mcp,Starknet MCP,MCP,resource,Tool/Service,Official Starknet MCP server exposing the full Starknet JSON-RPC v0.10.2 surface as agent tools.,https://github.com/starkware-libs/starknet-specs,https://github.com/starkware-libs/starknet-specs,https://github.com/starkware-libs/starknet-specs/tree/master/mcp,Starknet,mcp,Active,Yes,71,High,,Active,116,false,2026-07-13,https://satohub.ai/resources/starknet-mcp
tari-mcp,Tari MCP Servers,MCP,resource,Tool/Service,Official Minotari wallet and node MCP servers for local agent access to Tari blockchain data and transactions.,https://github.com/tari-project/tari,https://github.com/tari-project/tari,,Unknown,mcp,Active,Yes,61,Medium,,Active,494,false,2026-07-13,https://satohub.ai/resources/tari-mcp
coingecko-mcp,CoinGecko MCP,MCP,resource,Tool/Service,"Official CoinGecko MCP: hosted free/pro endpoints for live prices, market data, and on-chain DEX analytics.",https://www.coingecko.com,https://github.com/coingecko/coingecko-typescript,https://docs.coingecko.com/docs/ai-agent-hub/mcp-server,Multichain,mcp,Active,Yes,72,High,,Active,55,false,2026-07-13,https://satohub.ai/resources/coingecko-mcp
coinpaprika-mcp,CoinPaprika MCP,MCP,resource,Tool/Service,"Official CoinPaprika MCP: 30 tools for prices, tickers, OHLCV, and exchange data across 8,000+ coins.",https://coinpaprika.com,https://github.com/coinpaprika/coinpaprika-mcp,,Multichain,mcp,Active,Yes,63,Medium,,Active,0,false,2026-07-13,https://satohub.ai/resources/coinpaprika-mcp
helius-mcp,Helius MCP,MCP,resource,Tool/Service,"Official Helius MCP server for Solana: wallet, asset, transaction, and chain-state tools via npm package.",https://www.helius.dev,,https://www.helius.dev/docs/helius-mcp,Solana,mcp,Active,Unknown,44,Medium,,,,false,2026-07-13,https://satohub.ai/resources/helius-mcp
pyth-mcp,Pyth MCP,MCP,resource,Tool/Service,Official hosted Pyth Network MCP server for price-feed discovery and real-time/historical market data.,https://pyth.network,,https://docs.pyth.network/price-feeds/pro/mcp,Multichain,mcp,Active,Unknown,62,Medium,,,,false,2026-07-13,https://satohub.ai/resources/pyth-mcp
lifi-mcp,LI.FI MCP,MCP,resource,Tool/Service,Official hosted LI.FI MCP server for read-only cross-chain swap quotes and route discovery.,https://li.fi,,https://docs.li.fi/mcp-server/overview,Multichain,mcp,Active,Unknown,60,Medium,,,,false,2026-07-13,https://satohub.ai/resources/lifi-mcp
messari-mcp,Messari MCP,MCP,resource,Tool/Service,"Official hosted Messari MCP for crypto research: market data, on-chain metrics, and news across 40,000+ assets.",https://messari.io,,https://docs.messari.io/mcp-server/hosted,Multichain,mcp,Active,Unknown,24,Low,,,,false,2026-07-13,https://satohub.ai/resources/messari-mcp
oneinch-mcp,1inch Business MCP,MCP,resource,Tool/Service,"Official 1inch MCP: docs search, code examples, and Business API access for swaps, portfolio, and pricing.",https://business.1inch.com/1inch-mcp,,https://business.1inch.com/1inch-mcp,Multichain,mcp,Active,Unknown,44,Medium,,,,false,2026-07-13,https://satohub.ai/resources/oneinch-mcp
across-mcp,Across MCP,MCP,resource,Tool/Service,"Official Across Protocol hosted MCP: docs search, chain data, and live bridge fees at mcp.across.to.",https://across.to,https://github.com/across-protocol/mcp-server-across,https://docs.across.to/ai-agents/mcp-server,Multichain,mcp,Active,Yes,80,High,,Recent,1,false,2026-07-13,https://satohub.ai/resources/across-mcp
injective-mcp,Injective MCP,MCP,resource,Tool/Service,"Official Injective MCP for natural-language queries and trading, incl. spot and perpetual futures.",https://injective.com,,https://docs.injective.network/developers-ai/mcp,Injective,mcp,Active,Yes,44,Medium,,,,false,2026-07-13,https://satohub.ai/resources/injective-mcp
sei-mcp,Sei MCP,MCP,resource,Tool/Service,"Official Sei MCP: wallet/account management, SEI transfers, and ERC20/721/1155 token operations.",https://www.sei.io,,https://docs.sei.io/ai/mcp-server,Sei,mcp,Active,Yes,44,Medium,,,,false,2026-07-13,https://satohub.ai/resources/sei-mcp
layerzero-mcp,LayerZero Docs MCP,MCP,resource,Tool/Service,Official hosted LayerZero documentation MCP: real-time doc search via a single SearchLayerZero tool.,https://layerzero.network,,https://docs.layerzero.network/v2/tools/mcp/overview,Multichain,mcp,Active,Unknown,62,Medium,,,,false,2026-07-13,https://satohub.ai/resources/layerzero-mcp
tenderly-mcp,Tenderly MCP,MCP,resource,Tool/Service,"Official Tenderly MCP: gasless EVM transaction simulation, tracing, and contract inspection across 100+ networks.",https://tenderly.co,,https://docs.tenderly.co/mcp-server,Multichain,mcp,Active,Unknown,24,Low,,,,false,2026-07-13,https://satohub.ai/resources/tenderly-mcp
birdeye-mcp,Birdeye MCP,MCP,resource,Tool/Service,Official hosted MCP for real-time and historical crypto market data across 8M+ tokens.,https://birdeye.so,,https://docs.birdeye.so/docs/birdeye-ai,Multichain,mcp,Active,Unknown,24,Low,,,,false,2026-07-13,https://satohub.ai/resources/birdeye-mcp
nansen-mcp,Nansen MCP,MCP,resource,Tool/Service,Official Nansen MCP exposing smart-money and wallet-labeling data across 25+ chains.,https://www.nansen.ai,,https://docs.nansen.ai/mcp/overview,Multichain,mcp,Active,Unknown,34,Low,,,,false,2026-07-13,https://satohub.ai/resources/nansen-mcp
polymarket-mcp,Polymarket MCP Server,MCP,resource,Tool/Service,"Community Polymarket MCP with 45 tools: market discovery, analysis, trading, portfolio, and WebSocket monitoring.",https://github.com/caiovicentino/polymarket-mcp-server,https://github.com/caiovicentino/polymarket-mcp-server,,Polygon,mcp,Active,Yes,50,Medium,,Quiet,307,false,2026-07-13,https://satohub.ai/resources/polymarket-mcp
linea-mcp,Linea MCP,MCP,resource,Tool/Service,Community MCP server with on-chain tools for AI applications to interact with the Linea blockchain.,https://github.com/qvkare/linea-mcp,https://github.com/qvkare/linea-mcp,,,mcp,Unknown,Yes,47,Medium,,Quiet,2,false,2026-07-13,https://satohub.ai/resources/linea-mcp
rocket-pool-skills,Rocket Pool Agent Skills,Skill Repo,resource,Tool/Service,Official Rocket Pool repo of 7 agent skills for ETH staking workflows on the Rocket Pool protocol.,https://rocketpool.net,https://github.com/rocket-pool/skills,,Ethereum,,Unknown,Yes,43,Medium,,,,false,2026-07-13,https://satohub.ai/resources/rocket-pool-skills
xrpl-mcp,XRPL MCP (RomThpt),MCP,resource,Tool/Service,Community MCP server providing blockchain services for the XRP Ledger ecosystem.,https://github.com/RomThpt/mcp-xrpl,https://github.com/RomThpt/mcp-xrpl,,XRP Ledger,mcp,Active,Yes,43,Medium,,Quiet,7,false,2026-07-13,https://satohub.ai/resources/xrpl-mcp
rootstock-mcp,Rootstock MCP Server,MCP,resource,Tool/Service,"Official Rootstock MCP: wallets, RBTC/ERC-20 balances and transfers, tx status, and contract deployment.",https://rootstock.io,https://github.com/rsksmart/rsk-mcp-server,,Bitcoin,mcp,Unknown,Yes,63,Medium,,Active,2,false,2026-07-13,https://satohub.ai/resources/rootstock-mcp
rwa-pipe-mcp,RWA Pipe MCP,MCP,resource,Tool/Service,"MCP server for tokenized real-world asset data: RWA token discovery, TVL/APY, issuer and chain filters, and wallet holdings.",https://github.com/rwapipe/mcp,https://github.com/rwapipe/mcp,,Multichain,mcp,Active,Unknown,43,Medium,,Recent,0,false,2026-07-13,https://satohub.ai/resources/rwa-pipe-mcp
solanashield-mcp,SolanaShield MCP,MCP,resource,Tool/Service,MIT-licensed MCP server that runs vulnerability-pattern checks against Solana smart contracts.,https://github.com/ElromEvedElElyon/solanashield-mcp,https://github.com/ElromEvedElElyon/solanashield-mcp,,Solana,mcp,Unknown,Yes,46,Medium,,Quiet,0,false,2026-07-13,https://satohub.ai/resources/solanashield-mcp
sperax-crypto-mcp,Sperax Crypto MCP,MCP,resource,Tool/Service,"Official Sperax MCP for USDs/SPA protocol data: peg health, collateral, yield strategies, and vault risk on Arbitrum and BNB Chain.",https://sperax.io,https://github.com/Sperax/sperax-crypto-mcp,https://github.com/Sperax/sperax-crypto-mcp,Arbitrum;BNB Chain,mcp,Active,Yes,56,Medium,,Quiet,16,false,2026-07-13,https://satohub.ai/resources/sperax-crypto-mcp
sui-mcp-server,Sui MCP Server,MCP,resource,Tool/Service,"Community MCP server for Sui: wallet and session tools, coin/object/transaction queries, staking, SuiNS, and DEX lookups.",https://github.com/ExpertVagabond/sui-mcp-server,https://github.com/ExpertVagabond/sui-mcp-server,,Sui,mcp,Active,Yes,62,Medium,,Active,1,false,2026-07-13,https://satohub.ai/resources/sui-mcp-server
erc-8126,ERC-8126: AI Agent Verification,API / SDK,resource,Framework,Ethereum standard for verifying ERC-8004 agents across five categories with a unified 0-100 risk score.,https://eips.ethereum.org/EIPS/eip-8126,,https://eips.ethereum.org/EIPS/eip-8126,Ethereum;Multichain,erc-8004;erc-8183,Active,Yes,54,Medium,8,,,false,2026-06-12,https://satohub.ai/resources/erc-8126
veilnet,VeilNet,API / SDK,resource,Tool/Service,"Privacy-preserving x402 payments for agents on Base, with stealth addresses and TEE-encrypted inference, no accounts or API keys.",https://www.veilnet.to,,https://docs.veilnet.to,Base;Ethereum,x402;mcp,Beta,Partial,44,Medium,9,,,false,2026-06-12,https://satohub.ai/resources/veilnet
tensorfeed-x402-mcp,TensorFeed x402 Base MCP,MCP,resource,Tool/Service,"Read-only Base mainnet MCP for x402: verify USDC settlements, parse x402 manifests, probe endpoints, decode payment payloads.",https://github.com/RipperMercs/tensorfeed-x402-base-mcp,https://github.com/RipperMercs/tensorfeed-x402-base-mcp,,Base,x402;mcp,Active,Yes,52,Medium,,Recent,1,false,2026-07-13,https://satohub.ai/resources/tensorfeed-x402-mcp
trade-router-mcp,TradeRouter MCP,MCP,resource,Tool/Service,"MCP Registry-listed server for non-custodial Solana trading: swaps, limit, trailing, TWAP, DCA, and combo orders.",https://github.com/TradeRouter/trade-router-mcp,https://github.com/TradeRouter/trade-router-mcp,,Solana,mcp,Active,Yes,54,Medium,,Recent,3,false,2026-07-13,https://satohub.ai/resources/trade-router-mcp
xrpl-ai-starter-kit,XRPL AI Starter Kit,Developer Tool,resource,Tool/Service,"Ripple's starter kit for building agentic payment apps on the XRP Ledger, with x402 payments in XRP and RLUSD, an XRPL docs MCP server, and Claude wallet/payment skills.",https://ripple.com/insights/xrpl-ai-starter-kit/,,https://xrpl.org,XRP Ledger,x402;mcp,Early,Unknown,40,Medium,10,,,false,2026-06-12,https://satohub.ai/resources/xrpl-ai-starter-kit
coinbase-agentic-wallets,Coinbase Agentic Wallets,Wallet Infrastructure,resource,Infrastructure,"Coinbase Developer Platform wallet infrastructure built for AI agents, with spend caps, gasless Base settlement, and native x402.",https://www.coinbase.com/developer-platform/products/agentic-wallets,,https://docs.cdp.coinbase.com/agent-kit/welcome,Base;Solana;Multichain,x402,Active,Partial,32,Low,-3,,,false,2026-06-12,https://satohub.ai/resources/coinbase-agentic-wallets
tradingview-mcp,TradingView MCP Server,MCP,resource,Tool/Service,"Community Python MCP for TradingView-style screening: 30+ technical-analysis tools across Binance, KuCoin, Bybit, and more.",https://github.com/atilaahmettaner/tradingview-mcp,https://github.com/atilaahmettaner/tradingview-mcp,,Multichain,mcp,Active,Yes,66,Medium,,Active,3540,false,2026-07-13,https://satohub.ai/resources/tradingview-mcp
ucai,Universal Contract AI Interface (UCAI),Developer Tool,resource,Tool/Service,ABI-to-MCP generator: turns any smart contract ABI into an MCP server agents can call.,https://github.com/nirholas/UCAI,https://github.com/nirholas/UCAI,https://docs.ucai.tech,Multichain,mcp,Active,Yes,65,Medium,,Recent,36,false,2026-07-13,https://satohub.ai/resources/ucai
vechain-mcp,VeChain MCP Server,MCP,resource,Tool/Service,Official VeChain MCP server exposing ecosystem resources and VeChain developer workflows to agents.,https://vechain.org,https://github.com/vechain/vechain-mcp-server,https://github.com/vechain/vechain-mcp-server,Unknown,mcp,Active,Yes,70,High,,Active,4,false,2026-07-13,https://satohub.ai/resources/vechain-mcp
venus-agent-skills,Venus Agent Skills,Skill Repo,resource,Tool/Service,Official Venus Protocol agent-skill toolkit with a lending skill for the Venus money market.,https://venus.io,https://github.com/VenusProtocol/venus-agent-skills,https://github.com/VenusProtocol/venus-agent-skills,BNB Chain,,Unknown,Unknown,43,Medium,,,,false,2026-07-13,https://satohub.ai/resources/venus-agent-skills
moss-skills,MOSS Agent Skills Pack,Skill Repo,resource,Tool/Service,"Eight install-ready SKILL.md modules that teach coding agents — Claude Code, Codex, Cursor, Gemini — to build MOSS wallet integrations on MegaETH: SDK, permissions, React, server-verify, paymaster, CLI, Privy migration, and pre-launch security review.",https://docs.megaeth.com/moss-docs/wallet/agent-skills,https://github.com/megaeth-labs/moss-skills,https://docs.megaeth.com/moss-docs/wallet/agent-skills,MegaETH,,Active,Yes,71,High,-6,Active,0,false,2026-06-20,https://satohub.ai/resources/moss-skills
grok-cli,Grok CLI,Agent Framework,resource,Framework,"Open-source terminal coding agent for the xAI Grok API — community-built, not affiliated with xAI.",,https://github.com/superagent-ai/grok-cli,https://github.com/superagent-ai/grok-cli,,,Active,Yes,62,Medium,,Recent,3145,false,2026-07-11,https://satohub.ai/resources/grok-cli
coinstats-mcp,CoinStats MCP,MCP,resource,Tool/Service,"Official hosted CoinStats MCP for portfolio, wallet, and market data across 120+ chains via OAuth.",https://coinstats.app/,https://github.com/CoinStatsHQ/coinstats-mcp,https://coinstats.app/api-docs/mcp/tools,Multichain,mcp,Active,Yes,71,High,,Active,15,false,2026-07-12,https://satohub.ai/resources/coinstats-mcp
universal-crypto-mcp,Universal Crypto MCP,MCP,resource,Tool/Service,"Plugin-based monorepo MCP: EVM+Solana wallets, DEX aggregation, x402 payments, CEX trading, market data, bridges.",https://github.com/nirholas/universal-crypto-mcp,https://github.com/nirholas/universal-crypto-mcp,,Multichain,x402;mcp;a2a,Active,Yes,49,Medium,,Recent,39,false,2026-07-13,https://satohub.ai/resources/universal-crypto-mcp
mcp-crypto-price,MCP Crypto Price,MCP,resource,Tool/Service,"MCP server exposing CoinCap-backed crypto pricing, market stats, and technical indicators as agent-callable tools.",https://github.com/truss44/mcp-crypto-price,https://github.com/truss44/mcp-crypto-price,,Multichain,mcp,Active,Yes,64,Medium,,Active,40,false,2026-07-13,https://satohub.ai/resources/mcp-crypto-price
hedera-mcp,Hedera MCP,MCP,resource,Tool/Service,"Community MCP for Hedera: Mirror Node reads plus 73 build-only tools across accounts, HTS, HCS, EVM, and files.",https://github.com/ExpertVagabond/hedera-mcp,https://github.com/ExpertVagabond/hedera-mcp,https://github.com/ExpertVagabond/hedera-mcp,Unknown,mcp,Active,Yes,56,Medium,,Recent,0,false,2026-07-13,https://satohub.ai/resources/hedera-mcp
openzeppelin-mcp,OpenZeppelin MCP,MCP,resource,Tool/Service,"Official OpenZeppelin MCP for generating template-based smart contracts in Solidity, Cairo, Stylus, and Stellar.",https://mcp.openzeppelin.com,,,Ethereum;Arbitrum;Multichain,mcp,Active,Unknown,26,Low,,,,false,2026-07-12,https://satohub.ai/resources/openzeppelin-mcp
santiment-mcp,Santiment MCP,MCP,resource,Tool/Service,"Official OAuth-backed Santiment MCP for on-chain, social, and financial crypto metrics.",https://santiment.net,,https://academy.santiment.net/mcp-connector/,Multichain,mcp,Active,Unknown,36,Low,,,,false,2026-07-13,https://satohub.ai/resources/santiment-mcp
goldrush-mcp,GoldRush MCP (Covalent),MCP,resource,Tool/Service,Covalent's official GoldRush MCP: 50+ tools for multichain wallet balances and token data.,https://goldrush.dev,,https://goldrush.dev/docs/goldrush-mcp-server,Multichain,mcp,Active,Yes,52,Medium,,,,false,2026-07-13,https://satohub.ai/resources/goldrush-mcp
tokenterminal-mcp,Token Terminal MCP,MCP,resource,Tool/Service,Official hosted Token Terminal MCP with a research tool over onchain project/protocol financials.,https://tokenterminal.com,,https://tokenterminal.com/docs/mcp/introduction,Multichain,mcp,Active,Unknown,36,Low,,,,false,2026-07-13,https://satohub.ai/resources/tokenterminal-mcp
opensea-mcp,OpenSea MCP,MCP,resource,Tool/Service,"Official hosted OpenSea MCP: NFT, token, and wallet data plus swap quotes and mint actions for agents.",https://opensea.io,,https://docs.opensea.io/reference/mcp,Multichain,mcp,Active,Unknown,52,Medium,,,,false,2026-07-13,https://satohub.ai/resources/opensea-mcp
lunarcrush-mcp,LunarCrush MCP,MCP,resource,Tool/Service,"Official LunarCrush MCP delivering real-time social sentiment, trends, and market signals to agents.",https://lunarcrush.com/products/lunarcrush-mcpserver,,https://lunarcrush.com/products/lunarcrush-mcpserver,Multichain,mcp,Unknown,Unknown,32,Low,,,,false,2026-07-13,https://satohub.ai/resources/lunarcrush-mcp
neynar-mcp,Neynar MCP,MCP,resource,Tool/Service,Official Neynar hosted MCP exposing Farcaster's OpenAPI spec and Node.js SDK to AI coding assistants.,https://neynar.com,,https://docs.neynar.com/docs/neynar-farcaster-with-cursor,Unknown,mcp,Active,Unknown,36,Low,,,,false,2026-07-13,https://satohub.ai/resources/neynar-mcp
chainbase-mcp,Chainbase MCP,MCP,resource,Tool/Service,"Official hosted Chainbase MCP for token prices, holders, wallet balances, and NFT data via natural language.",https://chainbase.com,,https://docs.chainbase.com/resources/ai/mcp,Multichain,mcp,Active,Unknown,36,Low,,,,false,2026-07-13,https://satohub.ai/resources/chainbase-mcp
tether-wdk-mcp,Tether WDK MCP Toolkit,MCP,resource,Tool/Service,"Official Tether toolkit exposing self-custodial WDK wallet ops — balances, transfers, swaps, bridging — as MCP tools.",https://wdk.tether.io,,https://docs.wdk.tether.io/ai/mcp-toolkit,Multichain,mcp,Active,Yes,44,Medium,,,,false,2026-07-13,https://satohub.ai/resources/tether-wdk-mcp
quantconnect-mcp,QuantConnect MCP,MCP,resource,Tool/Service,"Official open-source QuantConnect MCP for quant project management, doc search, code checks, and backtesting.",https://www.quantconnect.com,,https://www.quantconnect.com/mcp,Unknown,mcp,Active,Yes,44,Medium,,,,false,2026-07-13,https://satohub.ai/resources/quantconnect-mcp
avalanche-mcp,Avalanche Builder Hub MCP,MCP,resource,Tool/Service,"Ava Labs' read-only MCP exposing Builders Hub docs, code search, and Avalanche chain data to AI clients.",https://build.avax.network,,https://build.avax.network/docs/tooling/ai-llm/mcp-server,Avalanche,mcp,Active,Unknown,62,Medium,,,,false,2026-07-13,https://satohub.ai/resources/avalanche-mcp
bitgo-mcp,BitGo MCP,MCP,resource,Tool/Service,BitGo's official Developer Portal MCP for natural-language search over its institutional wallet API docs.,https://www.bitgo.com,,https://developers.bitgo.com/docs/get-started-mcp-server,Multichain,mcp,Active,Unknown,32,Low,,,,false,2026-07-13,https://satohub.ai/resources/bitgo-mcp
erigon-mcp,Erigon MCP,MCP,resource,Tool/Service,"Open-source MCP built into the Erigon Ethereum client, exposing 40+ read-only JSON-RPC and node-data tools.",https://erigon.tech,,https://docs.erigon.tech/fundamentals/mcp,Ethereum,mcp,Active,Yes,40,Medium,,,,false,2026-07-13,https://satohub.ai/resources/erigon-mcp
allium-mcp,Allium MCP,MCP,resource,Tool/Service,Allium's official MCP for querying its multichain blockchain data warehouse via SQL over 80+ chains.,https://www.allium.so,,https://docs.allium.so/assistant/mcp,Multichain,mcp,Active,Unknown,62,Medium,,,,false,2026-07-13,https://satohub.ai/resources/allium-mcp
ton-agentkit-mcp,TON AgentKit MCP,MCP,resource,Tool/Service,"TON's official @ton/mcp server for wallet operations, transfers, swaps, and NFT management on TON.",https://ton.org,,https://docs.ton.org/overview/ai/mcp,TON,mcp,Active,Unknown,36,Low,,,,false,2026-07-13,https://satohub.ai/resources/ton-agentkit-mcp
vybe-solana-mcp,Vybe Solana MCP,MCP,resource,Tool/Service,"Hosted Solana MCP from Vybe Network: schema browsing plus live Solana API calls, no local deployment.",https://github.com/vybenetwork/solana-mcp-vybe,https://github.com/vybenetwork/solana-mcp-vybe,https://docs.vybenetwork.com/docs/mcp,Solana,mcp,Active,Yes,63,Medium,,Recent,213,false,2026-07-13,https://satohub.ai/resources/vybe-solana-mcp
lnbits-mcp,LNbits MCP,MCP,resource,Tool/Service,"Open-source MCP server for the LNbits Lightning accounts system: wallet balances, payments, and admin tools.",https://lnbits.com,https://github.com/lnbits/LNbits-MCP-Server,https://github.com/lnbits/LNbits-MCP-Server,Bitcoin,mcp,Active,Yes,55,Medium,,Quiet,4,false,2026-07-13,https://satohub.ai/resources/lnbits-mcp
sato-os,Sato OS,Developer Tool,resource,Tool/Service,"Self-hosted control plane for onchain agents: sealed local wallet, ERC-7715 session grants with chain-enforced caps, EIP-7702 execution, EAS attestation ledger, human kill switch.",https://satohub.ai/os,,https://satohub.ai/os,Base;Ethereum;Solana;Arbitrum;Optimism;Polygon,erc-8004,Active,No,39,Low,,,,false,2026-07-14,https://satohub.ai/resources/sato-os
bicscan-mcp,BICScan MCP,MCP,resource,Tool/Service,AhnLab's BICScan MCP server: blockchain address risk scoring and asset lookups over the BICScan API.,https://bicscan.io,https://github.com/ahnlabio/bicscan-mcp,https://github.com/ahnlabio/bicscan-mcp,Multichain,mcp,Unknown,Yes,57,Medium,,Dormant,1,false,2026-07-13,https://satohub.ai/resources/bicscan-mcp
aibtc-mcp,AIBTC MCP Server,MCP,resource,Tool/Service,"Bitcoin-native MCP server: BTC/STX wallets, L1 reads and transfers, Stacks, sBTC, and x402 payments.",https://github.com/aibtcdev/aibtc-mcp-server,https://github.com/aibtcdev/aibtc-mcp-server,https://github.com/aibtcdev/aibtc-mcp-server,Bitcoin,x402;mcp,Active,Yes,71,High,,Active,10,false,2026-07-13,https://satohub.ai/resources/aibtc-mcp
algovault-quant-signal-mcp,AlgoVault Quant Signal MCP,MCP,resource,Tool/Service,"MCP server for crypto-perps research signals, funding-rate arbitrage scans, and market-regime data.",https://github.com/AlgoVaultLabs/crypto-quant-signal-mcp,https://github.com/AlgoVaultLabs/crypto-quant-signal-mcp,https://github.com/AlgoVaultLabs/crypto-quant-signal-mcp,Multichain,mcp,Active,Yes,67,Medium,,Active,2,false,2026-07-13,https://satohub.ai/resources/algovault-quant-signal-mcp
bsv-mcp,BSV MCP,MCP,resource,Tool/Service,"MIT-licensed MCP toolset for Bitcoin SV: wallet operations, ordinals, and BSV blockchain utilities.",https://github.com/b-open-io/bsv-mcp,https://github.com/b-open-io/bsv-mcp,https://github.com/b-open-io/bsv-mcp,Bitcoin,mcp,Unknown,Yes,54,Medium,,Quiet,16,false,2026-07-13,https://satohub.ai/resources/bsv-mcp
binance-mcp,Binance MCP Server (community),MCP,resource,Tool/Service,Community-built MCP server for Binance exchange data in trading-agent workflows. Not official Binance.,https://github.com/AnalyticAce/binance-mcp-server,https://github.com/AnalyticAce/binance-mcp-server,https://github.com/AnalyticAce/binance-mcp-server,Multichain,mcp,Active,Yes,61,Medium,,Recent,44,false,2026-07-13,https://satohub.ai/resources/binance-mcp
blockbeats-mcp,BlockBeats MCP,MCP,resource,Tool/Service,"Official BlockBeats MCP: crypto newsflashes, articles, market metrics, ETF flows, and macro signals.",https://www.theblockbeats.info,https://github.com/BlockBeatsOfficial/blockbeats-MCP,https://github.com/BlockBeatsOfficial/blockbeats-MCP,Multichain,mcp,Unknown,Yes,55,Medium,,Quiet,43,false,2026-07-13,https://satohub.ai/resources/blockbeats-mcp
boar-blockchain-mcp,Boar Blockchain MCP,MCP,resource,Tool/Service,"Blockchain infrastructure MCP from Boar Network, with setup guides and free-tier access paths.",https://boar.network,https://github.com/boar-network/blockchain-mcp,https://github.com/boar-network/blockchain-mcp,Multichain,mcp,Active,Yes,81,High,,Quiet,12,false,2026-07-13,https://satohub.ai/resources/boar-blockchain-mcp
bitcoin-mcp,Bitcoin MCP (Bortlesboat),MCP,resource,Tool/Service,"Zero-config Bitcoin data MCP: fees, mempool, blocks, transactions, mining, price, and supply.",https://github.com/Bortlesboat/bitcoin-mcp,https://github.com/Bortlesboat/bitcoin-mcp,https://github.com/Bortlesboat/bitcoin-mcp,Bitcoin,mcp,Active,Yes,54,Medium,,Quiet,2,false,2026-07-13,https://satohub.ai/resources/bitcoin-mcp
ccxt-mcp,CCXT MCP,MCP,resource,Tool/Service,"CCXT-backed MCP server for multi-exchange market data, order books, balances, orders, and trade history.",https://github.com/lazy-dinosaur/ccxt-mcp,https://github.com/lazy-dinosaur/ccxt-mcp,https://github.com/lazy-dinosaur/ccxt-mcp,Multichain,mcp,Active,Yes,61,Medium,,Recent,82,false,2026-07-13,https://satohub.ai/resources/ccxt-mcp
celo-mcp,Celo MCP,MCP,resource,Tool/Service,"Official Celo MCP server for querying the Celo ecosystem, chain data, and developer workflows.",https://celo.org,https://github.com/celo-org/celo-mcp,https://docs.celo.org,Ethereum,mcp,Active,Yes,69,Medium,,Active,4,false,2026-07-13,https://satohub.ai/resources/celo-mcp
cow-mcp,CoW MCP,MCP,resource,Tool/Service,"Community MCP server for CoW Protocol: quotes, token/chain lookup, trade history, and EIP-712 order payloads.",https://github.com/krzysu/cow-mcp,https://github.com/krzysu/cow-mcp,https://github.com/krzysu/cow-mcp,Multichain,mcp,Active,Yes,79,High,,Recent,0,false,2026-07-13,https://satohub.ai/resources/cow-mcp
cryptoapis-mcp,Crypto APIs MCP Servers,MCP,resource,Tool/Service,"Official Crypto APIs MCP suite: hosted endpoint plus per-package servers for balances, blocks, txs, fees, and market data.",https://cryptoapis.io,https://github.com/CryptoAPIs-io/cryptoapis-mcp-hub,https://github.com/CryptoAPIs-io/cryptoapis-mcp-hub,Multichain,mcp,Unknown,Unknown,61,Medium,,Quiet,0,false,2026-07-13,https://satohub.ai/resources/cryptoapis-mcp
drpc-agent-skills,dRPC Agent Skills,Skill Repo,resource,Tool/Service,dRPC-maintained blockchain RPC skill and MCP surface giving agents node access across 200+ networks.,https://drpc.org,https://github.com/drpcorg/drpc-agent-skills,https://github.com/drpcorg/drpc-agent-skills,Multichain,mcp,Active,Yes,49,Medium,,Quiet,17,false,2026-07-13,https://satohub.ai/resources/drpc-agent-skills
gate-mcp,Gate MCP Server,MCP,resource,Tool/Service,"Official Gate MCP: hosted endpoints for market data, info, and news, plus OAuth-gated CEX trading and DEX swaps.",https://www.gate.com,https://github.com/gate/gate-mcp,https://github.com/gate/gate-mcp,Multichain,mcp,Active,Yes,71,High,,Quiet,27,false,2026-07-13,https://satohub.ai/resources/gate-mcp
haiku-defi-mcp,Haiku DeFi MCP,MCP,resource,Tool/Service,"DeFi execution MCP: swaps, lending, bridges, yield discovery, and portfolio analysis with external wallet signing.",https://haiku.trade,https://github.com/Haiku-Trading/haiku-mcp-server,https://github.com/Haiku-Trading/haiku-mcp-server,Multichain,mcp,Active,Yes,59,Medium,,Recent,1,false,2026-07-13,https://satohub.ai/resources/haiku-defi-mcp
hashnet-mcp,Hashnet MCP Server,MCP,resource,Tool/Service,"Hashgraph Online MCP for agent discovery, chat, registration, workflows, and Hedera agent interactions.",https://hashgraphonline.com,https://github.com/hashgraph-online/hashnet-mcp-js,https://github.com/hashgraph-online/hashnet-mcp-js,Unknown,mcp;a2a,Active,Unknown,51,Medium,,Recent,12,false,2026-07-13,https://satohub.ai/resources/hashnet-mcp
go-sui-mcp,go-sui-mcp,MCP,resource,Tool/Service,Go-based MCP server wrapping the local Sui client: node management and chain interactions for agents.,https://github.com/hawkli-1994/go-sui-mcp,https://github.com/hawkli-1994/go-sui-mcp,https://github.com/hawkli-1994/go-sui-mcp,Sui,mcp,Active,Yes,59,Medium,,Recent,1,false,2026-07-13,https://satohub.ai/resources/go-sui-mcp
blockrun,BlockRun,API / SDK,resource,Tool/Service,"Pay-per-call gateway where AI agents reach 55+ LLMs, data, and tools through one endpoint, settled in USDC via x402 — no API keys.",https://blockrun.ai/,https://github.com/BlockRunAI,https://blockrun.ai/docs,Base;Solana,x402;mcp,Active,Partial,52,Medium,13,,,false,2026-06-25,https://satohub.ai/resources/blockrun
insumer-mcp,Insumer MCP Server,MCP,resource,Tool/Service,MCP for condition-based access checks: signed boolean attestations across 37 chains without exposing balances.,https://github.com/douglasborthwick-crypto/mcp-server-insumer,https://github.com/douglasborthwick-crypto/mcp-server-insumer,https://github.com/douglasborthwick-crypto/mcp-server-insumer,Multichain,mcp,Active,Yes,58,Medium,,Recent,0,false,2026-07-13,https://satohub.ai/resources/insumer-mcp
lightning-wallet-mcp,Lightning Wallet MCP,MCP,resource,Tool/Service,"Bitcoin Lightning wallet MCP and CLI for agent payments: invoices, sends, and L402 support.",https://github.com/lightningfaucet/lightning-wallet-mcp,https://github.com/lightningfaucet/lightning-wallet-mcp,https://github.com/lightningfaucet/lightning-wallet-mcp,Bitcoin,mcp,Active,Yes,69,Medium,,Active,8,false,2026-07-13,https://satohub.ai/resources/lightning-wallet-mcp
merx-mcp,MERX MCP,MCP,resource,Tool/Service,"TRON infrastructure MCP (hosted SSE + local stdio): energy/bandwidth prices, resource optimization, and TRC-20 stablecoin payments.",https://github.com/Hovsteder/merx-mcp,https://github.com/Hovsteder/merx-mcp,https://merx.exchange/docs,Tron,mcp,Unknown,Yes,55,Medium,,Quiet,3,false,2026-07-13,https://satohub.ai/resources/merx-mcp
web3auth-mcp,MetaMask Embedded Wallets MCP,MCP,resource,Tool/Service,"Official Web3Auth MCP for integrating MetaMask Embedded Wallets: live SDK docs, examples, and type lookup.",https://web3auth.io,https://github.com/Web3Auth/web3auth-mcp,,Multichain,mcp,Active,Yes,73,High,,Recent,3,false,2026-07-13,https://satohub.ai/resources/web3auth-mcp
mina-mcp,Mina MCP Server,MCP,resource,Tool/Service,Official Mina Protocol MCP server for Mina blockchain tooling and developer workflows.,https://minaprotocol.com,https://github.com/MinaProtocol/mina-mcp-server,,,mcp,Active,Yes,60,Medium,,Active,0,false,2026-07-13,https://satohub.ai/resources/mina-mcp
binance-mcp-nirholas,Binance MCP (nirholas),MCP,resource,Tool/Service,"Community Binance MCP with 478+ tools across spot, margin, futures, staking, NFT, and copy trading.",https://github.com/nirholas/binance-mcp,https://github.com/nirholas/binance-mcp,,,mcp,Active,Yes,63,Medium,,Active,32,false,2026-07-13,https://satohub.ai/resources/binance-mcp-nirholas
okx-agent-trade-kit,OKX Agent Trade Kit,Trading Tool,resource,Venue,"Community OKX toolkit — CLI plus MCP server — for spot, futures, and automated trading agents.",https://github.com/dex-original/okx-agent-trade-kit,https://github.com/dex-original/okx-agent-trade-kit,,,mcp,Active,Yes,53,Medium,,Recent,97,false,2026-07-13,https://satohub.ai/resources/okx-agent-trade-kit
payram-mcp,PayRam MCP,MCP,resource,Tool/Service,PayRam's MCP server for self-hosted crypto payments: hosted endpoints and agent payment workflows.,https://github.com/PayRam/payram-mcp,https://github.com/PayRam/payram-mcp,,Multichain,mcp,Active,Partial,50,Medium,,Recent,156,false,2026-07-13,https://satohub.ai/resources/payram-mcp
pmxt,PMXT,API / SDK,resource,Tool/Service,"Open-source unified prediction-market API with a hosted MCP: market search, events, order books, and prices across venues.",https://github.com/pmxt-dev/pmxt,https://github.com/pmxt-dev/pmxt,,Multichain,mcp,Active,Yes,62,Medium,,Active,1940,false,2026-07-13,https://satohub.ai/resources/pmxt
polkadot-mcp,Polkadot MCP,MCP,resource,Tool/Service,"Read-only Rust stdio MCP for Polkadot, Kusama, and parachains: accounts, governance, staking, and chain state.",https://github.com/shawntabrizi/polkadot-mcp,https://github.com/shawntabrizi/polkadot-mcp,,,mcp,Unknown,Yes,46,Medium,,Quiet,0,false,2026-07-13,https://satohub.ai/resources/polkadot-mcp
tradoor,Tradoor,Trading Tool,agent,,A decentralized options and perpetuals exchange on TON and BNB Chain with an optional AI trading-assistant feature.,https://tradoor.io/,,https://docs.tradoor.io/,BNB Chain;Multichain;TON,,Active,No,42,Medium,7,,,false,2026-06-08,https://satohub.ai/resources/tradoor
axiom-clawbots-agent,Axiom (clawbots),Skill Repo,resource,Tool/Service,"An autonomous agent/builder on Base publishing open-source crypto agent skills such as calldata decoding, proxy resolution, and protocol integrations.",https://www.clawbots.org/,https://github.com/0xAxiom/axiom-public,,Base;Ethereum,x402,Early,Yes,75,High,3,Active,16,false,2026-06-08,https://satohub.ai/resources/axiom-clawbots-agent
flap,Flap,DeFi Tool,resource,Tool/Service,"A one-click token launch and trading platform whose skill lets agents launch tokens, provide liquidity, and manage tokens autonomously.",https://flap.sh,,https://docs.flap.sh,BNB Chain,erc-8183,Active,Unknown,41,Medium,7,,,false,2026-06-08,https://satohub.ai/resources/flap
daydreams,Daydreams,Agent Framework,resource,Framework,Framework and tooling for building AI agents for onchain commerce.,https://dreams.fun,https://github.com/daydreamsai/daydreams,https://docs.dreams.fun,,x402;mcp,Early,Yes,51,Medium,1,Quiet,584,true,2026-06-16,https://satohub.ai/resources/daydreams
0xgasless-agentkit,0xGasless AgentKit,Wallet Infrastructure,resource,Infrastructure,Toolkit giving AI agents gasless access to crypto wallets and onchain functionality.,,https://github.com/0xgasless/agentkit,https://docs.0xgasless.com,BNB Chain;Avalanche;Base,x402;erc-8004,Early,Yes,56,Medium,-2,Quiet,270,true,2026-06-16,https://satohub.ai/resources/0xgasless-agentkit
bnbchain-mcp,BNB Chain MCP,MCP,resource,Tool/Service,"Developer MCP tools for AI crypto agents on BNB Chain: DeFi trading, DEX swaps, and contract deployment.",https://bnbchainmcp.vercel.app,https://github.com/nirholas/bnbchain-mcp,https://bnbchainmcp.vercel.app,BNB Chain,mcp,Early,Yes,59,Medium,-10,Quiet,27,true,2026-06-16,https://satohub.ai/resources/bnbchain-mcp
cryptocurrency-cv,cryptocurrency.cv,Data Tool,resource,Tool/Service,"Free, key-less crypto news and market-data API aggregating Bitcoin, Ethereum, Solana, and DeFi.",https://cryptocurrency.cv,https://github.com/nirholas/cryptocurrency.cv,,,mcp,Early,Yes,67,Medium,-5,Active,251,false,2026-06-16,https://satohub.ai/resources/cryptocurrency-cv
swapper-toolkit,Swapper Toolkit,Wallet Infrastructure,resource,Infrastructure,"DeFi toolkit that gives AI agents and coding assistants wallets to deposit funds, execute trades, and manage crypto.",https://swapper.finance,https://github.com/swapperfinance/swapper-toolkit,https://docs.swapper.finance/ai-agents/skills,Ethereum;Base;Arbitrum;Optimism;Polygon;Solana;BNB Chain;Avalanche,,Early,Yes,57,Medium,0,Quiet,4,false,2026-06-16,https://satohub.ai/resources/swapper-toolkit
intentkit,IntentKit,Agent Framework,resource,Framework,"Open-source, self-hosted framework for running collaborative clusters of onchain AI agents.",https://intentcat.com,https://github.com/crestalnetwork/intentkit,https://intentcat.com/docs,,,Early,Yes,65,Medium,-17,Recent,6498,false,2026-06-16,https://satohub.ai/resources/intentkit
franklin-blockrun,Franklin,Onchain Agent,agent,,An autonomous AI agent with its own wallet that spends USDC to get real work done.,https://franklin.run,https://github.com/BlockRunAI/Franklin,,Base;Solana,x402,Early,Yes,67,Medium,-5,Active,624,false,2026-06-16,https://satohub.ai/resources/franklin-blockrun
agenti,Agenti,Wallet Infrastructure,resource,Infrastructure,"Gives any AI agent a crypto wallet to pay x402 APIs, receive USDC, and check balances.",https://agenti.cash,https://github.com/nirholas/agenti,,Ethereum;Base;Arbitrum;Polygon;Solana,x402;mcp,Early,Yes,66,Medium,-5,Active,71,false,2026-06-16,https://satohub.ai/resources/agenti
blockrun-mcp,BlockRun MCP,MCP,resource,Tool/Service,"MCP server giving AI agents live data — markets, crypto, research, X — billed per call via x402 micropayments.",https://blockrun.ai,https://github.com/BlockRunAI/blockrun-mcp,https://blockrun.ai/docs,Base;Solana,x402;mcp,Early,Yes,82,High,1,Active,471,true,2026-06-16,https://satohub.ai/resources/blockrun-mcp
bitget-wallet-skill,Bitget Wallet Skill,Skill Repo,resource,Tool/Service,"Agent skill for Bitget Wallet: token swaps, cross-chain bridging, and gasless transactions.",https://web3.bitget.com,https://github.com/bitget-wallet-ai-lab/bitget-wallet-skill,https://web3.bitget.com/en/docs,Ethereum;Solana;BNB Chain;Base;Arbitrum;Tron;TON;Sui;Optimism,x402,Early,Yes,59,Medium,0,Quiet,180,false,2026-06-16,https://satohub.ai/resources/bitget-wallet-skill
waiaas,WAIaaS,Wallet Infrastructure,resource,Infrastructure,Wallet-as-a-Service infrastructure for AI agents.,https://waiaas.ai,https://github.com/minhoyoo-iotrust/WAIaaS,,Solana;Ethereum;Polygon;Arbitrum;Optimism;Base;Avalanche;BNB Chain,x402;mcp,Early,Yes,56,Medium,-5,Recent,26,false,2026-06-16,https://satohub.ai/resources/waiaas
emblem-agent-skills,Emblem Agent Skills,Skill Repo,resource,Tool/Service,Skill collection for EmblemAI agents — 200+ crypto tools across seven blockchains.,https://emblemvault.ai,https://github.com/EmblemCompany/Agent-skills,https://emblemvault.ai/docs,Solana;Ethereum;Base;BNB Chain;Polygon;Bitcoin,x402;erc-8004;mcp;a2a,Early,Yes,71,High,1,Recent,10,true,2026-06-16,https://satohub.ai/resources/emblem-agent-skills
lucid-agents,Lucid Agents,Agent Framework,resource,Framework,"Commerce SDK for bootstrapping AI agents that can pay, sell, and transact onchain.",,https://github.com/daydreamsai/lucid-agents,https://docs.daydreams.systems/,Base;Ethereum;Solana,x402;erc-8004;mcp;a2a,Early,Yes,81,High,1,Active,187,true,2026-06-16,https://satohub.ai/resources/lucid-agents
cloddsbot,CloddsBot,Trading Tool,agent,,"Open-source autonomous AI trading agent operating across 1000+ markets including Polymarket, Kalshi, and Hyperliquid.",https://www.cloddsbot.com,https://github.com/alsk1992/CloddsBot,,Solana;Base;Ethereum;Arbitrum;Optimism;Polygon;Hyperliquid,,Early,Yes,56,Medium,-1,Quiet,147,false,2026-06-16,https://satohub.ai/resources/cloddsbot
clawmes,Clawmes,Skill Repo,resource,Tool/Service,"Hermes Agent plugin for crypto: wallets, DEX trading, lending, staking, governance, and onchain automation.",,https://github.com/clawnchdev/clawmes,,Base;Ethereum,,Early,Yes,65,Medium,-5,Active,20,false,2026-06-16,https://satohub.ai/resources/clawmes
x402-openai-python,x402 OpenAI (Python),API / SDK,resource,Tool/Service,Drop-in OpenAI Python client with transparent x402 micropayment support.,,https://github.com/qntx/x402-openai-python,,Ethereum;Base;Solana,x402,Early,Yes,64,Medium,3,Recent,260,true,2026-06-16,https://satohub.ai/resources/x402-openai-python
okx-onchainos-skills,OKX OnchainOS Skills,Skill Repo,resource,Tool/Service,"Agent skills for OKX OnchainOS: wallet, token discovery, market data, and DEX swaps.",,https://github.com/okx/onchainos-skills,,Solana;Ethereum;Base;BNB Chain;Arbitrum;Polygon,x402,Early,Yes,66,Medium,-5,Active,305,false,2026-06-16,https://satohub.ai/resources/okx-onchainos-skills
ag-kit,AG Kit,Developer Tool,resource,Tool/Service,"An AI agent toolkit of markdown-based templates for Skills, Agents, and Workflows, with a coordinator mode, persistent memory, and context compression.",https://ag-kit-five.vercel.app,https://github.com/vudovn/ag-kit,https://ag-kit.unikorn.vn/docs,Unknown,,Active,Yes,75,High,-6,Active,7800,false,2026-06-08,https://satohub.ai/resources/ag-kit
tradememory-protocol,TradeMemory Protocol,Developer Tool,resource,Tool/Service,"Decision audit trail and persistent memory for AI trading agents, with tamper-evident recall.",https://mnemox.ai/tradememory/,https://github.com/mnemox-ai/tradememory-protocol,,,mcp,Early,Yes,58,Medium,-5,Recent,1053,false,2026-06-16,https://satohub.ai/resources/tradememory-protocol
defi-trading-mcp,DeFi Trading MCP,MCP,resource,Tool/Service,MCP server that turns an AI assistant into an autonomous DeFi trading agent.,,https://github.com/edkdev/defi-trading-mcp,,Ethereum;Base;Polygon;Arbitrum;Optimism;BNB Chain;Avalanche;Berachain,mcp,Early,Yes,63,Medium,-7,Recent,51,true,2026-06-16,https://satohub.ai/resources/defi-trading-mcp
chaingpt-claude-skill,ChainGPT Claude Skill,Skill Repo,resource,Tool/Service,"Web3 toolkit for Claude Code: 140 custody-free MCP tools for EVM and Solana DeFi, DEX, and perps.",,https://github.com/ChainGPT-org/chaingpt-claude-skill,https://docs.chaingpt.org/dev-docs-b2b-saas-api-and-sdk,Ethereum;Solana;Tron;Base,x402;mcp,Early,Yes,72,High,-7,Active,11,false,2026-06-16,https://satohub.ai/resources/chaingpt-claude-skill
